,AGR2,AGRN,CXCL13,BDNF,BST2,CALB1,TNFRSF14,CD276,CD40,CORO1A,CXCL5,EGF,BSG,CCL24,FGF1,FGFR3,CX3CL1,CSF3,CSF2,GH1,HBA1,ICAM2,IFNG,IL1B,IL1R1,IL10,IL12A,IL16,IL17A,IL18,IL1RN,IL2,IL22,IL23A,IL3,IL31,IL4,IL5,IL6,IL6R,CXCL8,IL9,IFNA1,IFNA2,CXCL10,FABP1,OLR1,CCL2,CCL8,CCL22,MSLN,CXCL9,CCL3,CCL4,CXCL3,CCL15,MB,NEG,OSM,PCSK9,PTX3,PLAU,CALCA,TNFRSF1A,CCL17,CD142,TNF,TREM2,KDR,VEGFA
1B0,11.25393985046273,25.61330377716056,0.0,97.81918615228393,0.0,5.674756639847531,0.0,4995.0040616431625,9.322986813404563,5341.679860151689,4701.886947010155,0.0,0.0,50.91915165463048,0.0,0.0,0.0,0.0,1.1843207003258889,0.0,388.39251266013775,0.0,9.180929112264215,0.0,0.0,0.0,0.0,0.0,0.0,0.0,0.0,0.0,0.0,0.0,0.0,0.0,0.0,0.0,5.848713063217826,42.517936956035015,79.44881213504729,0.0,0.0,23.076606218154133,1.2209853597391722,0.0,9.491199344336279,392.44140375612704,0.0,0.0,0.0,0.0,0.0,0.0,51.462762441113256,4.49567788686777,0.0,0.015823656471274403,0.0,789.1643892362277,0.0,8970.062583201183,2.4215301625621235,927.8134908400176,0.0,0.0,0.0,0.0,0.0,242.82347334628145
1B1,0.0,51.29165614135285,0.0,171.96074498265904,0.0,6.099450807860556,0.0,5078.170025671466,16.041176294693543,4948.489418286381,inf,0.0,7.809060386749401,71.3860901213878,0.0,0.0,1.6857389979228417,9.780191478905369,1.8199036502979438,0.0,482.41344257337875,304.02429818872076,0.0,0.0,9.546482995577408,0.0,0.0,0.0,0.0,0.0,0.0,0.0,0.0,0.0,0.0,0.0,0.0,0.0,22.06548070042136,64.48718241952538,839.5226254552239,0.0,0.0,0.0,1.6981780126038153,0.0,10.671273760264647,1352.1387547749869,0.0,0.0,0.0,0.0,0.0,0.0,604.8943899535061,0.0,0.0,0.0,0.0,1836.1231873219874,0.0,inf,1.516522875460442,1628.692284825759,0.0,0.0,0.0,0.0,0.0,425.4798210934067
1D0,12.266023072257001,36.72347891450768,3.4574907072778616,128.62115535014937,1.183518205317536,7.92702150390592,0.0,6146.276555730878,11.260203324974785,6416.609549922125,inf,0.0,6.728956322176065,60.19188612905301,0.0,0.0,0.0,3.4859116508409533,3.2843187874013857,0.0,867.7920226241347,708.981669506435,14.373157747051774,4.344352871783601,9.362265419264665,0.0,0.0,0.0,0.0,0.0,0.0,4.209664831345149,0.0,0.0,0.0,0.0,0.0,0.0,6.488243220000257,53.800012385627205,84.26633914280184,0.0,0.0,23.694995887501438,1.135992616177949,160.99970006190492,16.027589357306685,400.0943677270437,0.0,0.0,0.0,27.841132737328437,0.0,0.0,46.84070155400011,7.365007860420614,0.0,0.03727719548867188,0.0,1293.1425976794208,43.85038955863301,8262.93921350679,2.206725202636981,1123.909040205953,18.614393956534876,0.0,3.183100359638337,0.0,0.0,318.85280292891474
1D1,0.0,33.47505009996051,0.0,116.4740520232067,0.0,5.91910295870081,0.0,5064.077363127872,10.261842026457733,5192.288750390502,inf,0.0,3.7100594268398783,56.79268794986529,0.0,0.0,1.0185695801355006,4.556647492302548,2.2920032092513427,0.0,522.5729981904819,0.0,0.0,0.0,0.0,0.0,0.0,0.0,0.0,0.0,0.0,0.0,0.0,0.0,0.0,0.0,0.0,0.0,25.082734158147414,39.354494877495476,417.5630166868874,0.0,0.0,15.237567066829753,1.2378889270716564,0.0,0.0,758.3073060523834,0.0,0.0,0.0,0.0,0.0,0.0,404.03678766844627,0.0,0.0,0.005592005840246308,0.0,978.8498734088687,0.0,11606.126996972784,0.0,1214.715251666706,0.0,0.0,0.0,0.0,0.0,256.66443820305926
1E0,10.646456462422,26.640298058103134,0.0,107.1250710435231,0.0,6.926718197005952,0.0,6003.562076987159,14.0647278844931,5627.032231023681,4951.265784794099,0.0,8.76154995018991,0.0,0.0,0.0,0.0,0.0,2.5902405368466246,0.0,460.5195205002891,0.0,0.0,0.0,0.0,0.0,0.0,0.0,0.0,111.86557367302844,0.0,0.0,0.0,0.0,0.0,0.0,0.0,0.0,4.8021241842212,30.80356853221547,144.85685544969897,0.0,0.0,0.0,0.0,0.0,5.450766143256374,468.7506185608197,0.0,0.0,0.0,0.0,0.0,0.0,63.1111195530299,3.63848892235119,0.0,0.006709991129817038,0.0,618.7660359075073,0.0,9637.87479591473,0.0,925.7545435391735,10.76482420279575,0.0,0.0,0.0,0.0,203.03931129214982
1E1,0.0,24.86517428182638,0.0,98.73275381981897,0.0,5.619303794183638,0.0,5093.342848523274,8.933452714266883,5455.273020889164,inf,0.0,3.4662175037746095,0.0,0.0,0.0,0.0,3.59030408676447,2.2312344510147772,0.0,379.58371437793875,0.0,0.0,0.0,0.0,0.0,0.0,0.0,0.0,0.0,0.0,0.0,0.0,0.0,0.0,0.0,0.0,0.0,32.76039416850613,28.75174823407347,411.4783508265563,0.0,0.0,0.0,0.0,0.0,6.761277301190429,620.2175220540664,0.0,0.0,0.0,0.0,0.0,0.0,289.53576291346,0.0,0.0,0.0,0.0,753.4773005947528,0.0,10619.805874127187,0.0,1044.008961999151,0.0,0.0,0.0,0.0,0.0,275.54888627372463
1F0,0.0,54.10333135410454,0.0,190.70627635422545,0.0,8.243696492224416,0.0,6209.791470884728,18.39389240237056,7180.716574238447,inf,0.0,9.361444659040641,0.0,0.0,0.0,0.0,0.0,1.7108204034052652,0.0,542.167907775654,417.4949839316164,0.0,0.0,0.0,0.0,0.0,0.0,0.0,44.04363681757911,0.0,0.0,0.0,0.0,0.0,0.0,0.0,0.0,6.711877805312457,65.88668451362315,218.32883422582483,0.0,0.0,0.0,1.2637702974098477,0.0,12.163491721433955,662.6630209949524,0.0,0.0,0.0,0.0,0.0,0.0,129.18386271008902,3.5940577889508534,0.0,0.007282525554395922,0.0,1786.8895109798336,25.54024739423347,inf,0.0,1540.9686539290174,12.065158308112656,0.0,0.0,0.0,0.0,437.8569463378788
1F1,0.0,31.60033321131209,0.0,131.2145306349408,0.0,4.721480423765002,0.0,5136.789030992405,9.44040617759534,4451.761543349722,inf,0.0,5.2189932175665605,0.0,0.0,0.0,0.9968811611477217,4.305156307136082,2.5693624796889565,0.0,340.87876076080937,0.0,0.0,0.0,0.0,0.0,0.0,0.0,0.0,0.0,0.0,0.0,0.0,0.0,0.0,0.0,0.0,0.0,27.19070943341799,46.31585017882803,515.1728281775613,0.0,0.0,0.0,1.100961861317355,0.0,0.0,794.7369082561316,0.0,0.0,0.0,0.0,0.0,0.0,446.85234537442653,0.0,0.0,0.008977695214150334,0.0,1341.151672272186,0.0,inf,0.0,1419.7630452365763,0.0,0.0,0.0,0.0,0.0,327.99200972605513
1I0,0.0,54.99786641192702,0.0,179.68039215995842,0.0,5.347778064361439,0.0,5851.34044853725,14.712626713153336,7493.930145900419,4769.235338949597,0.0,4.722868262065503,95.14341016546673,0.0,0.0,0.0,0.0,2.5439900461461904,0.0,526.2774267043092,0.0,0.0,0.0,0.0,0.0,0.0,0.0,0.0,0.0,0.0,0.0,0.0,0.0,0.0,0.0,0.0,0.0,4.004229789468452,65.4780933451334,143.00824530674026,0.0,0.0,0.0,0.0,0.0,0.0,506.10833370726306,0.0,0.0,0.0,0.0,0.0,0.0,83.94084730989414,0.0,0.0,0.0,0.0,1974.6210389960024,0.0,10770.310711504986,0.0,1380.061642925971,0.0,0.0,0.0,0.0,0.0,467.1333042722903
1I1,0.0,25.57307240001505,0.0,93.9043925371265,0.0,0.0,0.0,5422.252329544216,7.864296044760867,5192.144499485683,inf,0.0,0.0,0.0,0.0,0.0,0.0,0.0,3.2752083248859396,0.0,343.5595938324023,0.0,0.0,0.0,0.0,0.0,0.0,0.0,0.0,0.0,0.0,0.0,0.0,0.0,0.0,0.0,0.0,0.0,13.032485790325754,31.896774985794234,369.70874792107503,0.0,0.0,0.0,0.0,0.0,0.0,648.7192211246925,0.0,0.0,0.0,0.0,0.0,0.0,319.24014320346527,0.0,0.0,0.0,0.0,675.5079914950924,0.0,9358.379923352908,0.0,1064.7285025740969,0.0,0.0,0.0,0.0,0.0,216.3768247748067
1L0,0.0,25.820377441389507,0.0,98.95731816004708,0.0,6.367171256072205,0.0,5093.762197329643,9.080716209657556,5139.122991078122,4290.368626403738,0.0,3.8397708395487515,0.0,0.0,0.0,0.0,0.0,2.4947665887162493,0.0,438.83406652055464,350.4444334449833,0.0,0.0,0.0,0.0,0.0,0.0,0.0,0.0,0.0,0.0,0.0,0.0,0.0,0.0,0.0,0.0,5.388952348002107,39.66281357914576,70.38569622398573,0.0,0.0,0.0,0.0,0.0,0.0,329.53990054316677,0.0,0.0,0.0,0.0,0.0,0.0,38.09536838532061,6.45708798948323,0.0,0.0036148461825070578,0.0,778.378100753524,0.0,8076.4801696459745,0.0,860.6780544708308,14.186455184365476,0.0,0.0,0.0,0.0,203.35775666955786
1L1,0.0,23.128929772790766,0.0,81.3462777049471,0.0,5.072408329825866,0.0,4946.549221785561,0.0,5205.004166610293,inf,0.0,3.280205540819114,0.0,0.0,0.0,0.0,0.0,1.5969003132177029,0.0,352.8849472639489,0.0,0.0,0.0,0.0,0.0,0.0,0.0,0.0,0.0,0.0,0.0,0.0,0.0,0.0,0.0,0.0,0.0,10.88684681259705,29.3462011814373,291.74248311173443,0.0,0.0,0.0,0.0,0.0,8.03803144736176,466.13510175111884,0.0,0.0,0.0,0.0,0.0,0.0,209.7731966953496,0.0,0.0,0.0,0.0,504.7433156957588,0.0,8561.294084507123,0.0,845.9893648546363,0.0,0.0,0.0,0.0,0.0,147.19081075401806
2C0,0.0,21.233002130539504,0.0,71.01524896588836,0.0,6.094541060662502,0.0,5694.20330455402,0.0,6190.07615280702,3900.518798490164,0.0,3.2759209909188414,0.0,0.0,0.0,0.0,0.0,1.6646593966398495,0.0,467.698419928386,0.0,0.0,0.0,0.0,0.0,0.0,0.0,0.0,0.0,0.0,0.0,0.0,0.0,0.0,0.0,0.0,0.0,4.266449224823555,23.70564530815698,70.79023329060374,0.0,0.0,0.0,1.2218507908041272,0.0,0.0,283.9643068051419,0.0,0.0,0.0,0.0,0.0,0.0,32.116767304466826,0.0,0.0,0.00155492939377503,0.0,1169.886057429271,0.0,8741.662616356509,0.0,698.445131149153,0.0,0.0,0.0,0.0,0.0,173.10746208381838
2C1,0.0,12.808600393619296,0.0,60.33055851380207,0.0,4.835345033762248,0.0,4224.043957308561,0.0,5494.052150507913,inf,0.0,0.0,0.0,0.0,0.0,0.0,3.412396354518647,2.4322860962035207,0.0,298.39557616352926,0.0,0.0,0.0,0.0,0.0,0.0,0.0,0.0,0.0,0.0,0.0,0.0,0.0,0.0,0.0,0.0,0.0,21.233783811823148,22.89968946893462,230.5178361308535,0.0,0.0,0.0,0.0,80.287685740605,0.0,530.2959140095909,0.0,0.0,0.0,0.0,0.0,0.0,224.52979385695406,0.0,0.0,0.009592169425075079,0.0,1028.5409680622388,0.0,10149.64548443727,0.0,672.7802515895348,10.752474637388842,0.0,0.0,0.0,0.0,147.39705210220652
2D0,0.0,21.9949283945664,0.0,87.29821360136532,0.0,6.771395103747519,0.0,6633.213292011594,8.267815133989373,7772.087642438912,3731.727211429089,0.0,4.204946472276867,0.0,0.0,0.0,0.0,0.0,2.344484205148205,0.0,465.87974871920926,310.2317692543042,0.0,0.0,0.0,0.0,0.0,0.0,0.0,0.0,0.0,0.0,0.0,0.0,0.0,0.0,0.0,0.0,3.077721270684623,26.21672592166081,82.68252750179417,0.0,0.0,0.0,1.382075257353609,0.0,5.734402175477507,334.3765804361321,0.0,0.0,0.0,0.0,0.0,0.0,40.41257648825604,0.0,0.0,0.016095050606631026,0.0,1155.4778515423652,0.0,8263.387006432735,0.0,761.0522986627874,0.0,0.0,0.0,0.0,0.0,194.81602822201918
2D1,0.0,19.231322662742667,0.0,69.58272123927024,0.0,5.92415250765154,0.0,5488.687386121798,0.0,6689.678285601283,5152.07243789835,0.0,3.5707926020469287,0.0,0.0,0.0,1.0190686992992322,3.742741573973488,2.8799505429617365,0.0,451.03129316866944,0.0,0.0,0.0,0.0,0.0,0.0,0.0,0.0,0.0,0.0,0.0,0.0,0.0,0.0,0.0,0.0,0.0,13.471929043155564,26.5704196201546,320.1446797966403,0.0,0.0,0.0,1.204750725184118,84.58687245372838,9.35755995183668,633.7243306813032,0.0,0.0,0.0,0.0,0.0,0.0,296.47817082457925,0.0,0.0,0.008616930925108833,0.0,793.6886444748772,0.0,8766.75731641732,0.0,753.2721439417994,0.0,0.0,0.0,0.0,0.0,165.24512354778224
2G0,,22.7487904882124,0.0,101.98405212809914,0.0,,0.0,,12.219219322322827,6258.040903333001,3697.58834200718,0.0,,0.0,0.0,,0.0,0.0,1.1443632969470374,0.0,,0.0,0.0,0.0,,,0.0,0.0,,,,0.0,0.0,0.0,,0.0,0.0,,7.882507231694289,25.534171600061246,146.58341893420337,,0.0,0.0,0.0,0.0,0.0,343.34500853679214,0.0,0.0,0.0,,0.0,0.0,59.51342508246347,0.0,0.0,0.009794388612891693,0.0,,0.0,8819.168955867995,0.0,780.7696018912014,0.0,0.0,,0.0,0.0,149.9115625678239
2G1,0.0,9.40228630342074,0.0,74.3231263540992,0.0,0.0,0.0,3808.6610902814573,0.0,4684.199551410806,inf,0.0,0.0,0.0,0.0,0.0,0.0,3.4267940267627313,2.4005179484084986,0.0,304.3722060219133,0.0,0.0,0.0,0.0,0.0,0.0,0.0,0.0,0.0,0.0,0.0,0.0,0.0,0.0,0.0,0.0,0.0,15.113325000072784,23.418847848605818,337.15285987416655,0.0,0.0,0.0,1.1591670743651046,0.0,0.0,495.6025858806936,0.0,0.0,0.0,0.0,0.0,0.0,257.9976101361437,0.0,0.0,0.004053896570781811,0.0,900.6871634638595,0.0,9018.722329796085,0.0,765.6791331623647,0.0,0.0,0.0,0.0,0.0,152.26628236452495
2I0,0.0,32.06659168652925,0.0,89.63700640658546,0.0,5.423121272771301,0.0,5370.941627154454,7.8552761202559775,6353.880753325621,4133.2857802331,0.0,5.204300376440467,0.0,0.0,0.0,0.0,0.0,2.870099262746905,0.0,565.6968460328799,437.24314136321857,0.0,0.0,0.0,0.0,0.0,0.0,0.0,0.0,0.0,0.0,0.0,0.0,0.0,0.0,0.0,0.0,2.03293006800289,34.399400371399594,72.58984457725829,0.0,0.0,0.0,1.2224091308044043,0.0,7.433376336889439,292.1214265523625,0.0,0.0,0.0,0.0,0.0,0.0,39.42811394712332,4.258787258867995,0.0,0.013601240413792444,0.0,1760.5466229754716,0.0,6455.215864983428,0.0,899.124131244438,12.839016999212587,0.0,0.0,0.0,0.0,251.59418205427554
2I1,13.012272327973255,39.01836256534609,0.0,111.68831564750666,0.0,7.22507450076431,0.0,6293.848062483809,15.747279294747647,7509.938243152269,inf,0.0,9.852313660261917,49.498138923927776,0.0,0.0,1.5535538883166242,5.461962927884896,2.1813341015766765,0.0,314.284183255747,0.0,0.0,0.0,0.0,0.0,0.0,0.0,0.0,0.0,0.0,0.0,0.0,0.0,0.0,0.0,0.0,0.0,16.569966567911266,38.13549834288291,521.0047378239648,0.0,0.0,0.0,1.3564094705221084,0.0,9.162115124161941,880.0630801803828,0.0,11.52493320575624,0.0,0.0,0.0,0.0,482.28858168482554,0.0,0.0,0.009419169487143124,0.0,1906.1033987966186,0.0,9486.362508864207,1.5919961664082363,1295.2706557038086,11.697370350823299,0.0,0.0,0.0,0.0,350.63116662201327
2J0,0.0,15.726712264865121,0.0,48.48520586494322,0.0,4.802259950426715,0.0,5836.006246630833,0.0,6684.278209880211,2993.76291340176,0.0,0.0,0.0,0.0,0.0,0.0,0.0,2.948357195374619,0.0,514.6281772705888,0.0,0.0,0.0,0.0,0.0,0.0,0.0,0.0,0.0,0.0,0.0,0.0,0.0,0.0,0.0,0.0,0.0,3.048543023086311,20.083887046671975,40.95433096639647,0.0,0.0,0.0,1.0751557209081801,80.27645097876875,6.494329861502317,110.06087845951735,0.0,0.0,0.0,0.0,0.0,0.0,23.282284309065968,0.0,0.0,0.002831941351562227,0.0,888.4003377696739,0.0,3606.8315842267143,1.2439885336420908,423.94011531864913,0.0,0.0,0.0,0.0,0.0,130.03741680512337
2J1,0.0,32.060790143452344,0.0,75.12849903600045,0.0,6.06539597751236,0.0,5161.197599154315,11.412335907271206,7587.711680586726,inf,0.0,6.9383000268572,0.0,0.0,0.0,1.097991428977983,5.691615461770264,2.2845213317771624,0.0,354.70013244449564,0.0,10.023582304243366,0.0,0.0,0.0,0.0,0.0,0.0,0.0,0.0,0.0,0.0,0.0,0.0,0.0,0.0,0.0,17.830014988660132,44.40050660405457,428.44710857376185,0.0,0.0,10.61188727228133,1.3343643265370864,0.0,11.220334261369617,633.6281263646945,0.0,8.267638235751186,0.0,0.0,0.0,0.0,359.7673829428153,5.102590922419015,0.0,0.007350658656943509,0.0,1409.2697677156682,0.0,10234.295783117408,1.646347461301487,973.6989031222586,12.509767699532574,0.0,0.0,0.0,0.0,224.89257002530866
2K0,0.0,10.105826445981458,0.0,34.62131594411664,0.0,6.5241771570444484,0.0,5025.405539779697,0.0,6382.670992325749,1906.0337361285003,0.0,0.0,0.0,0.0,0.0,0.0,0.0,2.783018900923266,0.0,349.7096970347293,0.0,0.0,0.0,0.0,0.0,0.0,0.0,0.0,0.0,0.0,0.0,0.0,0.0,0.0,0.0,0.0,0.0,3.0513083487706436,11.184191337775188,26.159223973696907,0.0,0.0,0.0,0.0,0.0,6.410779054930621,61.001802902671116,0.0,0.0,0.0,0.0,0.0,0.0,13.484747883320095,3.5857483233891836,0.0,0.0,0.0,627.752074283025,0.0,2451.395284865574,0.0,231.0997111707627,11.224743653138585,0.0,0.0,0.0,0.0,71.01731281163568
2K1,0.0,19.924182835599876,0.0,55.620912178243465,0.0,6.931933369004447,0.0,5207.595145233858,0.0,6908.140726574697,4529.180336922756,0.0,4.909664325666636,0.0,0.0,0.0,0.0,0.0,3.7909345538380124,0.0,483.4806387481404,364.26213800281806,0.0,0.0,0.0,0.0,0.0,0.0,0.0,0.0,0.0,0.0,0.0,0.0,0.0,0.0,0.0,0.0,12.126023732332346,24.74876135512415,250.45845012242825,0.0,0.0,16.26631094973262,1.156888517068077,0.0,7.968639997355869,340.69962801815,0.0,0.0,0.0,0.0,0.0,0.0,201.19867534985548,0.0,0.0,0.0,0.0,1067.5073918845055,0.0,5172.16110757158,1.437927440101146,575.0034090938169,13.587845909693927,0.0,0.0,0.0,0.0,177.08415452539634
2L0,0.0,31.73398099679068,0.0,80.07465783982728,0.0,5.8534273539700985,0.0,5125.747680583296,8.100132842009913,6289.713548101571,3859.19473011912,0.0,8.4568603889546,0.0,0.0,0.0,0.0,0.0,2.4160412538993628,0.0,394.38039146113806,0.0,0.0,0.0,0.0,0.0,0.0,0.0,0.0,0.0,0.0,0.0,0.0,0.0,0.0,0.0,0.0,0.0,5.110130542298007,33.678477266736266,67.7197756816341,0.0,0.0,0.0,1.194267124792799,0.0,5.551406879468508,248.51485418948263,0.0,0.0,0.0,0.0,0.0,0.0,35.54537097665344,0.0,0.0,0.005726030919909432,0.0,1749.4515695626635,0.0,6085.16976163391,0.0,816.460667811651,0.0,0.0,0.0,0.0,0.0,224.9284170771257
2L1,0.0,32.44500075162171,0.0,100.14282815528885,0.0,9.261691565144435,0.0,6028.340097507952,12.793206963290446,6105.450142736666,inf,0.0,6.541152194317988,0.0,0.0,0.0,1.2859845118888973,6.894521068552888,2.1397408535137825,0.0,613.2985545700155,340.22602302699585,0.0,0.0,10.10860600889681,0.0,0.0,0.0,0.0,0.0,0.0,0.0,0.0,0.0,0.0,0.0,0.0,0.0,21.548696659924264,41.14027772126742,498.5821433488653,0.0,0.0,0.0,1.2861427232167144,96.94502041221918,9.015573063811383,711.0921937008418,0.0,9.978454870253316,0.0,0.0,0.0,0.0,289.2039614758275,4.351010428104958,0.0,0.030298300289446568,0.0,1691.7827466356982,0.0,9314.450471976334,2.373351617923169,1065.7561717036597,13.294017552448926,0.0,0.0,0.0,0.0,277.01279870978806
3A0,0.0,33.631604525964434,0.0,135.8517787955264,0.0,5.476630880283338,0.0,6140.455694362251,10.15115281038796,6180.633179427248,5093.477461109678,0.0,10.124073176614134,0.0,0.0,0.0,0.0,0.0,2.1216392952306666,0.0,494.9423132959493,282.81712315193323,0.0,0.0,0.0,0.0,0.0,0.0,0.0,0.0,0.0,0.0,0.0,0.0,0.0,0.0,0.0,0.0,6.971526882670431,38.99901431144529,88.61425128682392,0.0,0.0,0.0,0.0,0.0,5.68272540118971,540.7505232812022,0.0,0.0,0.0,0.0,0.0,0.0,48.73609929846871,6.445930556028719,0.0,0.007057536402447717,0.0,760.7966394198795,0.0,10719.841461379121,0.0,1073.0843669843257,12.846155072514389,0.0,0.0,0.0,0.0,275.8036468163791
3A1,10.270894737019578,44.11422699942228,0.0,139.25436010032433,0.0,7.135223899600819,0.0,6720.362165706154,14.603719621199604,5926.725110960572,inf,0.0,9.488621524035821,0.0,0.0,0.0,1.5554910469946623,5.139719496501726,2.4616159045265738,0.0,381.2094293921688,608.701444780191,0.0,0.0,0.0,0.0,0.0,0.0,0.0,0.0,0.0,0.0,0.0,0.0,0.0,0.0,0.0,0.0,39.01641256020233,49.31738674608717,445.7515731483597,0.0,0.0,14.811213626245287,1.1720608829868921,92.65763743199935,11.131949825278825,1082.0131315299861,0.0,0.0,0.0,0.0,0.0,0.0,406.3866481664804,6.022627853290152,0.0,0.0027606573604984875,0.0,1004.650163988029,0.0,inf,0.0,1342.6170663226096,11.208871713088245,0.0,0.0,0.0,0.0,288.32648313296704
3B0,0.0,21.442119030629982,0.0,89.91751538771035,0.0,4.9184969685239155,0.0,4629.438721131705,0.0,4827.427348119369,4453.780169132,0.0,0.0,0.0,0.0,0.0,0.0,0.0,1.789994445688562,0.0,389.9279002094016,377.42994335848863,0.0,0.0,0.0,0.0,0.0,0.0,0.0,0.0,0.0,0.0,0.0,0.0,0.0,0.0,0.0,0.0,6.195116480835762,28.90988461962334,58.55045740750046,0.0,0.0,0.0,0.0,89.24203164198732,5.505208050993735,300.1477079509227,0.0,0.0,0.0,0.0,0.0,0.0,30.87400189945616,0.0,0.0,0.00448476612590018,0.0,534.6549541288233,0.0,9765.921860176188,0.0,830.7971076544064,0.0,0.0,0.0,0.0,0.0,189.29653973183645
3B1,0.0,44.71173699246161,0.0,134.0444140549681,0.0,7.383716220282218,0.0,5988.369069275696,12.434202356974737,5515.005758879003,inf,0.0,6.068859724462485,56.40390871143193,0.0,0.0,1.1752069628313235,5.183649656742093,1.7386184150770554,0.0,456.80313318399135,461.6104196400749,13.839818099690648,0.0,9.590917775286222,0.0,0.0,0.0,0.0,0.0,5.074047484226956,0.0,0.0,0.0,0.0,0.0,0.0,0.0,31.384664597182837,63.945290619497655,610.6344947365135,0.0,0.0,18.090304939979628,1.3741179982104152,87.03889382668015,13.317064728187653,963.7197518189839,0.0,0.0,0.0,0.0,0.0,0.0,381.3970173680972,5.876378646028151,0.0,0.013814231700575393,0.0,1078.899162163275,0.0,inf,2.485231462241893,1135.7942836899078,11.029626131692874,0.0,0.0,0.0,0.0,300.3907441514998
3C0,0.0,31.36519669869435,0.0,98.6454484225612,0.0,5.798084479848192,0.0,5631.671482132598,0.0,4415.527731000526,4686.600605753974,0.0,4.405207792299946,0.0,0.0,0.0,0.0,0.0,2.313217526286996,0.0,505.01134672436336,0.0,0.0,0.0,0.0,0.0,0.0,0.0,0.0,0.0,0.0,0.0,0.0,0.0,0.0,0.0,0.0,0.0,6.693951090466953,36.49549758674502,63.28306761868247,0.0,0.0,0.0,0.0,0.0,7.375323273512414,344.14215589195584,0.0,0.0,0.0,0.0,0.0,0.0,29.03880991980787,0.0,0.0,0.0017594363967184667,0.0,768.8957301731153,25.11971008106657,10636.960798413478,1.3154696473833545,918.9663952102945,0.0,0.0,0.0,0.0,0.0,227.6635194839292
3C1,0.0,43.489197858962875,0.0,128.84707566893672,0.0,5.891337568025533,0.0,5237.509285796964,12.90262155476079,5349.40808918807,inf,0.0,6.651873468573312,0.0,0.0,0.0,1.077893284213511,4.103948646084533,1.5284426531128983,0.0,403.5434949150554,567.4668460818152,0.0,0.0,9.495631680451819,0.0,0.0,0.0,0.0,0.0,0.0,0.0,0.0,0.0,0.0,0.0,0.0,0.0,37.282857301424656,41.230095006383905,431.24504640481115,0.0,0.0,0.0,1.2703111199616293,0.0,12.25309051618464,717.0033954118919,0.0,0.0,0.0,0.0,0.0,0.0,358.1620585072104,5.734222929215476,0.0,0.008242736668720767,0.0,757.88570411115,0.0,inf,0.0,1284.3116286382585,0.0,0.0,0.0,0.0,0.0,308.45087318798664
3D0,0.0,15.063983796140345,0.0,67.00267759440905,0.0,4.682800026368059,0.0,4691.450837738885,0.0,5407.911528399991,3377.5680020558416,0.0,0.0,0.0,0.0,0.0,0.0,0.0,1.1095083759294682,0.0,447.7678698861733,0.0,0.0,0.0,0.0,0.0,0.0,0.0,0.0,0.0,0.0,0.0,0.0,0.0,0.0,0.0,0.0,0.0,7.583053675385304,21.35565640031296,,0.0,0.0,0.0,,0.0,0.0,290.01956235677363,0.0,0.0,0.0,0.0,,0.0,34.09190185371337,0.0,0.0,0.0,0.0,388.2652930064864,0.0,7734.327616119967,0.0,676.5569522932773,0.0,0.0,0.0,0.0,0.0,
3D1,0.0,28.54343890004797,0.0,75.05608436189824,1.0690630342285157,5.57114188534906,0.0,5049.514640893763,8.467345942381648,5727.145820515216,inf,0.0,5.525048714349851,0.0,0.0,0.0,0.0,5.545765490378817,2.456095660194944,0.0,457.24723049567774,649.5615922380333,9.088321287895573,4.925687499607839,9.508715920672415,0.0,0.0,0.0,0.0,0.0,0.0,0.0,0.0,0.0,0.0,0.0,0.0,0.0,28.528011537515585,31.693948638918542,273.4204977550792,0.0,0.0,21.350844810294515,1.3770332446075195,136.73774836471807,10.924777610477818,577.7519911716438,0.0,0.0,0.0,30.214284692005535,0.0,0.0,174.59771919795094,7.868047694358234,0.0,0.025098219603648223,0.0,566.0692680661627,23.98930864239035,10889.91532236809,1.753952281762143,823.9439666658466,13.671230675956739,0.0,0.0,0.0,0.0,172.01962845501248
3E0,0.0,23.263408997603143,0.0,88.02255959713968,0.0,0.0,0.0,4780.438818528071,0.0,5564.382002323283,3699.233921362207,0.0,3.606061862760704,0.0,0.0,0.0,0.0,0.0,2.502174422674053,0.0,317.81553994347496,0.0,0.0,0.0,0.0,0.0,0.0,0.0,0.0,0.0,0.0,0.0,0.0,0.0,0.0,0.0,0.0,0.0,8.067125874949618,25.589338838519748,89.22330759182226,0.0,0.0,9.539883162448799,0.0,0.0,5.386881127903217,360.62360019827656,0.0,0.0,0.0,0.0,0.0,0.0,40.11479407030828,0.0,0.0,0.0,0.0,678.0810199492254,0.0,10420.501765255649,0.0,777.8446806673778,0.0,0.0,0.0,0.0,0.0,206.048326431698
3E1,0.0,29.054406291139646,0.0,92.54798685364462,0.0,4.9089822342132425,0.0,5281.221330075155,8.118756631962277,6581.5631090285715,inf,0.0,4.809507270014515,49.90300254984549,0.0,0.0,0.0,4.449417456513815,3.0939820788051966,0.0,380.2358340579732,0.0,0.0,0.0,0.0,0.0,0.0,0.0,0.0,0.0,0.0,0.0,0.0,0.0,0.0,0.0,0.0,0.0,34.480507706491224,34.229640435346646,404.42943210942923,0.0,0.0,0.0,0.0,110.28258485671492,9.707700482908283,906.5992457315941,0.0,0.0,0.0,26.84975171953162,0.0,0.0,265.01835526705986,4.39710894267757,0.0,0.0076682882890600585,0.0,753.4076481720732,0.0,11730.857749862178,0.0,925.2598149930104,10.942495712915175,0.0,0.0,0.0,0.0,253.9185697852246
3F0,0.0,33.61089566077086,0.0,144.79602589761126,0.0,0.0,0.0,3841.617707984839,9.576430823946156,4054.6171382538696,4131.473540771935,0.0,4.153403939733266,0.0,0.0,0.0,0.0,0.0,2.762576361649007,0.0,0.0,0.0,0.0,0.0,0.0,0.0,0.0,0.0,0.0,0.0,0.0,0.0,0.0,0.0,0.0,0.0,0.0,0.0,8.42710976030263,40.90716654282656,70.97228627465819,0.0,0.0,0.0,0.0,0.0,0.0,392.79486600170407,0.0,0.0,0.0,0.0,0.0,0.0,44.7503989905302,3.5935239710026172,0.0,0.0,0.0,1230.7853427466873,0.0,9585.938050127314,0.0,960.0468818207702,0.0,0.0,0.0,0.0,0.0,244.0887800558738
3F1,0.0,49.20273240470537,0.0,136.9737536524573,0.0,5.006305777671188,0.0,5136.225008767368,10.364853871420415,5038.973598335433,inf,0.0,6.074562933756708,0.0,0.0,0.0,1.2003080075926151,4.75432584570368,1.6334647221085674,0.0,0.0,0.0,0.0,0.0,0.0,0.0,0.0,0.0,0.0,0.0,0.0,0.0,0.0,0.0,0.0,0.0,0.0,0.0,36.75696820209499,45.547319261886145,581.590828577576,0.0,0.0,0.0,1.2819196296112156,0.0,7.818973173495601,1158.017847811612,0.0,0.0,0.0,0.0,0.0,0.0,502.7184731084693,4.665244845709457,0.0,0.0,0.0,1364.9392401813154,0.0,inf,1.6573010747859844,1161.3832472482645,0.0,0.0,0.0,0.0,0.0,351.63193624670174
3G0,0.0,20.128033088993664,0.0,78.94500395982797,0.0,4.409730125243441,0.0,4214.8231122967045,0.0,4629.667632945332,3134.399869613917,0.0,4.135592312344525,0.0,0.0,0.0,0.0,0.0,3.259339145277217,0.0,262.6449210964326,0.0,0.0,0.0,0.0,0.0,0.0,0.0,0.0,0.0,0.0,0.0,0.0,0.0,0.0,0.0,0.0,0.0,6.163315712849054,28.364213127592738,38.199402776500094,0.0,0.0,0.0,0.0,0.0,5.224514184527226,151.26054708787987,0.0,0.0,0.0,0.0,0.0,0.0,29.63045880185208,4.926333369043443,0.0,0.0018142789017140106,0.0,785.2730083149922,0.0,7438.950365643783,0.0,642.5384249919471,0.0,0.0,0.0,0.0,0.0,140.66145820907914
3G1,0.0,24.971536175959894,0.0,91.6345271980159,0.0,4.539132268468351,0.0,4769.775232095684,10.007786689122518,5600.4381045394975,inf,0.0,4.722496569414482,0.0,0.0,0.0,0.0,3.360639417713982,2.4361511255924864,0.0,398.1649837544025,0.0,0.0,0.0,0.0,0.0,0.0,0.0,0.0,0.0,0.0,0.0,0.0,0.0,0.0,0.0,0.0,0.0,18.567318616080215,34.05190518302963,297.79536106270507,0.0,0.0,0.0,0.0,0.0,5.049182849079342,491.4348453671811,0.0,0.0,0.0,0.0,0.0,0.0,253.09096323753798,0.0,0.0,0.0,0.0,752.066284681767,0.0,11093.390374549328,1.3638676489627921,1046.8612679638893,0.0,0.0,0.0,0.0,0.0,236.8064443541378
3H0,0.0,23.31198642994364,0.0,88.91239179438236,0.0,6.520028770771799,0.0,5014.811044731623,0.0,5154.26003096006,3472.266153628207,0.0,4.076207502240826,0.0,0.0,0.0,0.0,0.0,2.030960932189626,0.0,0.0,0.0,0.0,0.0,0.0,0.0,0.0,0.0,0.0,0.0,0.0,0.0,0.0,0.0,0.0,0.0,0.0,0.0,7.616195891272545,26.402327061703897,53.455278977382086,0.0,0.0,0.0,0.0,0.0,0.0,256.92748015046857,0.0,0.0,0.0,0.0,0.0,0.0,28.3882380337019,0.0,0.0,0.003982008600322584,0.0,629.9308705160104,0.0,9869.449274353741,0.0,675.6822821442072,0.0,0.0,0.0,0.0,0.0,180.62700018778855
3H1,0.0,35.02668289152949,0.0,141.1317115083851,0.0,6.554793469964972,0.0,5652.856863876805,10.094926589676303,6373.120812567226,inf,0.0,5.541369458126756,0.0,0.0,0.0,1.189445588252416,4.47902920366873,2.592376090802727,0.0,467.1786963157562,277.5584134786901,0.0,0.0,0.0,0.0,0.0,0.0,0.0,0.0,0.0,0.0,0.0,0.0,0.0,0.0,0.0,0.0,23.68313086562827,44.641302279899016,356.14381583939934,0.0,0.0,15.801740872983304,1.2431506798676333,0.0,7.936432112027571,649.4060493537031,0.0,0.0,0.0,0.0,0.0,0.0,274.1019844254104,5.213735944893875,0.0,0.013830014831157401,0.0,1017.4253122072813,0.0,inf,1.3089708467700056,1118.8511773889522,10.5815920795996,0.0,0.0,0.0,0.0,335.73681237000244
3I0,0.0,54.471770825447564,0.0,189.31681781344366,0.0,5.5510472770167105,0.0,5083.354050551049,14.112355311033262,5585.820966923672,4872.839739876382,0.0,8.17143287476146,168.08284034019718,0.0,0.0,0.0,0.0,2.120603985718113,0.0,366.87004278729546,306.21850825645436,0.0,0.0,0.0,0.0,0.0,0.0,0.0,0.0,0.0,0.0,0.0,0.0,0.0,0.0,0.0,0.0,4.599110070673197,62.26587045121662,136.18472529944805,0.0,0.0,0.0,0.0,0.0,7.195783505207834,477.8995197483642,0.0,0.0,0.0,26.52585199437067,0.0,0.0,66.7103299326993,0.0,0.0,0.005667161796639973,0.0,1557.1476729863593,0.0,9439.245347796395,1.5649209479244859,1286.836088678057,10.316508370979372,0.0,0.0,0.0,0.0,291.64040708501716
3I1,0.0,73.66771311788776,0.0,230.5534748621615,0.0,5.495086794216836,0.0,5113.185683826061,18.409978761838946,4728.771924509876,inf,0.0,8.089078839961674,169.07206496679464,0.0,0.0,2.325563279737385,8.90392892607346,1.7086735423367705,0.0,287.32479161493563,307.8403820622865,0.0,0.0,0.0,0.0,0.0,0.0,0.0,0.0,0.0,0.0,0.0,0.0,0.0,0.0,0.0,0.0,19.6202511636644,61.763321644050194,inf,0.0,0.0,0.0,1.8274164107881796,0.0,8.776055230589442,1827.8697162546864,0.0,8.085216990388068,24.726866937956288,0.0,0.0,0.7610374568364912,747.1275926938406,0.0,0.0,0.0032379939165332544,0.0,1416.123503386778,0.0,11783.99848376743,0.0,1578.3303849800704,0.0,0.0,0.0,0.0,0.0,386.93446664692345
3J0,0.0,42.80462319656897,0.0,126.16586514987905,0.0,5.588344901970847,0.0,4343.730563766161,10.167370672551499,5099.985040381619,4715.346722391023,0.0,6.206246552428662,0.0,0.0,0.0,0.0,0.0,2.494907441381765,0.0,405.5073430386972,432.85766061078635,13.405154622633415,0.0,9.35782984420206,0.0,0.0,0.0,0.0,0.0,0.0,0.0,0.0,0.0,0.0,0.0,0.0,0.0,7.055569992454342,43.37002988952601,78.78539722059357,0.0,0.0,11.627174587272268,1.1401262695565149,80.78192243885987,9.864131665043923,341.04710766075294,0.0,0.0,0.0,0.0,0.0,0.0,44.5195112563501,4.454754526288012,0.0,0.01516309033625044,0.0,1243.847182515144,0.0,9994.049064794495,0.0,983.4342329367583,12.032560210847885,0.0,0.0,0.0,0.0,256.7819912225405
3J1,13.772227076093323,49.34900348878089,4.247688295335481,145.8121898005303,0.0,5.403018074227828,0.0,4953.4875823388,14.2809484186586,5031.768332718457,inf,0.0,8.907855606339048,75.66203648213605,0.0,0.0,1.5244432748103525,7.569401799464065,2.2628093494470725,0.0,443.91614377992875,534.7161955925495,9.77088520786034,4.647685991628847,11.857407490315069,0.0,0.0,0.0,0.0,0.0,0.0,0.0,0.0,0.0,0.0,0.0,0.0,0.0,20.687908463983522,55.54821199358775,597.4915873356523,0.0,0.0,21.501135018159076,1.6515260523085067,109.26982324968182,12.328553624083495,965.9865724031141,0.0,0.0,25.03020024674361,26.793193158817488,0.0,0.0,397.4353611700361,7.349536877491555,0.0,0.027567835500232406,0.0,1210.507766079904,35.30645982893526,11947.701580316196,2.6277464315412074,1274.665784853822,13.948739580798302,0.0,2.624243653193514,0.0,0.0,300.0801093930533
3K0,0.0,36.35459184018476,0.0,108.81210599597256,0.0,4.715483396401847,0.0,4373.1988758759835,8.646138870970805,5528.290468046692,3765.5575714390434,0.0,5.882358172759282,0.0,0.0,0.0,0.0,0.0,1.6971224077200697,0.0,0.0,0.0,0.0,0.0,0.0,0.0,0.0,0.0,0.0,0.0,0.0,0.0,0.0,0.0,0.0,0.0,0.0,0.0,8.17660259367285,33.773490443240235,68.27911040691905,0.0,0.0,0.0,0.0,84.04095090625326,8.481390910580041,249.90093266639704,0.0,0.0,0.0,0.0,0.0,0.0,27.605879172875063,4.4912726372270475,0.0,0.0021357829522872253,0.0,892.2469478874324,0.0,9947.870595749804,0.0,901.6872450384844,0.0,0.0,0.0,0.0,0.0,237.28795293232935
3K1,0.0,33.87652140241467,0.0,114.5695339179307,0.0,5.330614233842276,0.0,5661.947225365759,10.038980636794664,5393.311267321835,inf,0.0,5.042801326800392,0.0,0.0,0.0,0.0,3.0708163017967416,1.9056844995548785,0.0,288.2793668617772,0.0,0.0,0.0,0.0,0.0,0.0,0.0,0.0,0.0,0.0,0.0,0.0,0.0,0.0,0.0,0.0,0.0,24.443743404796873,39.04195084334664,371.57065652720223,0.0,0.0,15.165164783388514,0.0,0.0,9.006258512816437,854.4473294965434,0.0,0.0,0.0,0.0,0.0,0.0,262.83326035554774,0.0,0.0,0.020527957328597867,0.0,929.3213075425413,0.0,10779.827613896321,0.0,1041.578685047534,0.0,0.0,0.0,0.0,0.0,260.5655873494209
3L0,0.0,22.503378434160986,0.0,86.78454316015296,0.0,4.866915996182306,0.0,4511.103243383532,0.0,6516.205325016583,3177.290934543522,0.0,4.1547963255077685,0.0,0.0,0.0,0.0,0.0,2.154279859848297,0.0,260.80909221627604,0.0,0.0,0.0,0.0,0.0,0.0,0.0,0.0,0.0,0.0,0.0,0.0,0.0,0.0,0.0,0.0,0.0,7.076985863966489,23.558548866543926,69.49396279036844,0.0,0.0,0.0,0.0,0.0,5.512130900628529,300.98312770169537,0.0,0.0,0.0,0.0,0.0,0.0,32.818281818820864,0.0,0.0,0.003755248414943096,0.0,610.5612561928758,0.0,9657.998349505853,0.0,818.8654547994195,0.0,0.0,0.0,0.0,0.0,170.66604009924404
3L1,0.0,23.896386351040082,0.0,103.22906774857293,0.0,0.0,0.0,5482.823050758734,0.0,5698.4373077630535,5069.57898284974,0.0,0.0,0.0,0.0,0.0,0.0,3.6731488226565294,2.7400487146407424,0.0,0.0,0.0,0.0,0.0,0.0,0.0,0.0,0.0,0.0,0.0,0.0,0.0,0.0,0.0,0.0,0.0,0.0,0.0,24.894008068977946,28.556767127101008,330.37642542750814,0.0,0.0,0.0,0.0,0.0,0.0,795.6713708129018,0.0,0.0,0.0,0.0,0.0,0.0,225.23230735379346,0.0,0.0,0.002912578387666631,0.0,522.0943325767256,0.0,11335.961816318333,0.0,1039.3555027810858,0.0,0.0,0.0,0.0,0.0,168.28475869241717
4A0,910.0115690511929,487.38571292337497,0.0,320.45792736055625,0.0,6.8626513653661245,0.0,5431.1331907943,52.29466870726573,3148.2270870473994,inf,0.0,50.784055583566165,887.3514858572387,0.0,0.0,1.7839277822312474,0.0,2.5492535905754363,0.0,545.8340227616173,305.2259408958287,0.0,0.0,12.835955249494685,0.0,0.0,0.0,0.0,1739.6641494167557,0.0,0.0,0.0,0.0,0.0,0.0,0.0,0.0,11.83477773882145,76.17171240677088,636.272966430088,0.0,0.0,11.17087103538052,1.1665192826788984,0.0,7.87352013625385,1098.5689441906065,0.0,0.0,0.0,0.0,0.0,0.0,400.61023870361106,4.844241732347603,0.0,0.013183037303723211,0.0,1110.475557262716,0.0,10042.125249929928,2.5943466154417734,2042.900289109834,0.0,0.0,0.0,0.0,0.0,651.8506574962952
4A1,627.7026821895606,694.126110091675,0.0,298.7130874936783,0.0,5.737498033522087,0.0,5793.316705449282,32.21628065916922,4232.641187761689,inf,0.0,48.986091020045485,1037.2803049813706,0.0,0.0,3.4699130119171926,50.177593521699514,2.1867690009403984,0.0,329.92881668093946,0.0,0.0,0.0,14.000676406947704,0.0,0.0,0.0,3.4430258794049466,739.2332207385616,0.0,0.0,0.0,0.0,0.0,0.0,0.0,0.0,107.9120547386704,65.705522875927,inf,0.0,0.0,0.0,7.168309009926844,0.0,12.297823495072436,inf,0.0,97.52682981261913,0.0,0.0,0.0,5.113509074048132,inf,7.558021898300614,0.0,0.006932036827539877,0.0,1346.438568772976,0.0,inf,1.617201812901683,inf,0.0,0.0,5.836776519812167,0.0,0.0,587.5082582061696
4B0,34.15302358472211,204.09055547084253,0.0,132.19475781417052,0.0,4.191407584118762,0.0,0.0,16.12528981112058,4466.551811263748,inf,0.0,16.390642447741858,344.6304101180155,0.0,0.0,1.0696970021293917,0.0,1.9797523949916769,0.0,0.0,0.0,0.0,0.0,0.0,0.0,0.0,0.0,0.0,55.43383331261821,0.0,0.0,0.0,0.0,0.0,0.0,0.0,0.0,6.338495078344899,53.850344624136746,255.01224543389725,0.0,0.0,9.487857806996432,0.0,0.0,0.0,628.0377670338056,0.0,0.0,0.0,0.0,0.0,0.0,184.35651021995562,0.0,0.0,0.008622436539443066,0.0,507.98678957675554,0.0,9323.482033584944,0.0,1418.6618450733183,0.0,0.0,0.0,0.0,0.0,285.8581675009803
4B1,316.34330452351526,342.2803541532754,0.0,164.27350918465407,0.0,5.245683304667758,0.0,4191.649720309693,27.69977986931575,4835.231176458087,inf,0.0,26.77518814861455,386.91428205611015,0.0,0.0,3.180677867310083,36.12579801878343,2.6144712879591294,0.0,337.6671400498481,0.0,0.0,0.0,0.0,0.0,0.0,0.0,0.0,526.6457894832145,0.0,0.0,0.0,0.0,0.0,0.0,0.0,0.0,83.67806320436893,76.02820311962053,inf,0.0,0.0,11.920345809216448,3.372980594335025,0.0,6.422298172201044,2105.441618593056,0.0,41.85247688186376,0.0,0.0,0.0,1.7109265836843506,inf,3.5546095410680567,0.0,0.014497377224505116,0.0,1170.0774176884945,0.0,inf,0.0,2080.7920643831926,12.068605886164098,0.0,2.603663071539834,0.0,0.0,397.37600155664654
4C0,69.26511336447739,115.83048980119324,0.0,97.99430165483145,0.0,4.5384558635838985,0.0,4613.369491098886,10.934879417169036,5951.816296836857,inf,0.0,13.624302794471568,115.25031916833636,0.0,0.0,0.9951494003804859,0.0,2.3001228128131896,0.0,429.4178391510903,294.57562070962683,0.0,0.0,0.0,0.0,0.0,0.0,0.0,140.45582085400196,0.0,0.0,0.0,0.0,0.0,0.0,0.0,0.0,5.001388619926451,55.62586327126869,151.45033629561092,0.0,0.0,0.0,0.0,0.0,0.0,437.3714783689751,0.0,0.0,0.0,0.0,0.0,0.0,110.5556771188665,0.0,0.0,0.008884871018319442,0.0,805.1054693927586,0.0,9028.501264096527,0.0,1138.7448032368857,0.0,0.0,0.0,0.0,0.0,253.85442289247948
4C1,60.88533233118676,231.46862234844818,0.0,133.5543242120074,0.0,5.749476926803551,0.0,5360.535718818435,11.787039572467277,5513.374038460377,inf,0.0,15.774970125588718,223.54959772513254,0.0,0.0,2.95156177565589,18.958219706738475,1.6362495651441078,0.0,539.040521057877,439.68952687865874,0.0,0.0,9.488777938187356,0.0,0.0,0.0,0.0,133.7841274323008,0.0,0.0,0.0,0.0,0.0,0.0,0.0,0.0,60.4785466652939,77.36526324485403,inf,0.0,0.0,0.0,3.116004515829259,112.73118430908046,11.286119968478113,2033.499478091719,0.0,19.703660269413618,0.0,26.541398331277605,0.0,1.5290004435983056,1039.8016485185885,3.496502482810199,0.0,0.03455970840008179,0.0,1104.3810147069373,0.0,inf,2.7461520773725026,1767.6665385717993,0.0,0.0,4.102713191149791,0.0,0.0,460.0036199611831
4D0,14.959235227730687,49.79425578187801,0.0,88.29545723597288,0.0,4.993489609131609,0.0,3627.5939159293066,0.0,6081.748596825505,inf,0.0,9.253557076770148,0.0,0.0,,0.0,0.0,0.0,0.0,324.6525772248393,0.0,0.0,0.0,0.0,0.0,0.0,0.0,0.0,42.99030295062075,0.0,0.0,0.0,0.0,0.0,0.0,0.0,0.0,8.306342494428401,37.51660882698862,126.40134731695382,0.0,0.0,0.0,0.0,0.0,8.03295051576761,512.5461247055872,0.0,0.0,0.0,0.0,0.0,0.0,93.36641329447932,0.0,0.0,0.00297315540036985,0.0,496.65682001847154,0.0,6856.750360584506,1.3640497471355817,925.3675226978035,0.0,0.0,0.0,0.0,0.0,234.17494171228
4D1,177.20686672779024,106.32795053249814,0.0,96.89430804075887,0.0,4.271873239607483,0.0,5310.09351248874,27.307899076411218,4710.6559250125965,inf,0.0,20.550650269992797,143.81468477791876,0.0,0.0,1.4017663292445854,10.962697146342753,1.6481489151223871,0.0,427.4117351678354,274.7532540459096,0.0,0.0,0.0,0.0,0.0,0.0,0.0,650.617790287066,0.0,0.0,0.0,0.0,0.0,0.0,0.0,0.0,43.03709957559019,49.76748607688143,810.725819815542,0.0,0.0,0.0,3.0839060667240488,0.0,7.545264612489699,1559.7631143513192,0.0,24.971867309319137,0.0,0.0,0.0,1.1604030749213936,864.3966261250961,3.6590075713210717,0.0,0.0,0.0,561.0230921072662,0.0,inf,1.4519460009777727,1179.7026635513073,0.0,0.0,0.0,0.0,0.0,210.972302808502
4E0,,328.0913324986511,0.0,319.2527116006763,0.0,5.357036812264358,0.0,5199.345828188121,28.90952887038601,4255.615580850696,inf,0.0,32.66408978270502,762.3645987475231,0.0,0.0,1.7678777165566757,0.0,1.2558753839101318,0.0,23706.329431395778,449.780710572896,0.0,0.0,0.0,0.0,0.0,0.0,0.0,1039.1049208030538,8.320902532812095,0.0,0.0,0.0,0.0,0.0,0.0,0.0,14.809139469068159,93.6254924726466,516.8099394910146,0.0,0.0,0.0,2.1990794141833825,0.0,8.154685625624069,1004.8665905827714,0.0,10.768637664423576,142.3196640369053,0.0,0.0,0.0,433.0140345860352,0.0,0.0,0.002285471781025966,0.0,1227.7951184636718,0.0,8039.263255940545,2.1805549117975103,1712.1134606005055,0.0,0.0,0.0,0.0,0.0,678.6299951046419
4E1,1196.8077608406518,226.39142734914637,0.0,271.6005237436259,0.0,5.449514472081332,0.0,6037.875142051334,58.46141821832442,3443.005555759519,inf,0.0,74.92673963071374,682.9782933089576,0.0,0.0,2.0458128284196397,29.443431666911746,1.5511467022619487,0.0,0.0,0.0,0.0,0.0,14.412068745484996,0.0,0.0,0.0,0.0,2747.9985645259617,0.0,0.0,0.0,0.0,0.0,0.0,0.0,0.0,91.7753731978628,72.95520458413111,inf,0.0,0.0,0.0,5.104075975083211,80.35249415031464,8.719116075435371,inf,0.0,25.80349747968663,0.0,0.0,0.0,2.0682306679202775,inf,0.0,0.0,0.0029847581229820535,0.0,742.7598596016795,0.0,inf,3.0170686555405517,1883.3058163708909,0.0,0.0,0.0,0.0,0.0,532.78207528661
4F0,152.00022322371038,482.12724548524363,0.0,334.9903573899149,1.107497317474113,7.998704217397169,0.0,6260.188748280282,26.102579557293517,4822.0322536391195,inf,0.0,38.325962667602425,724.8932721548151,0.0,0.0,2.6118508895296713,4.289021296826084,1.6249772729722334,0.0,562.2306017379012,817.5023691566017,9.482249376988808,0.0,20.99233578935882,0.0,0.0,0.0,2.936590082153696,659.2096777456023,0.0,0.0,0.0,0.0,0.0,37.79491212821528,0.0,0.0,19.38607226090522,137.50468389484573,647.9442067444689,0.0,0.0,17.813459745898278,1.3943926036819319,127.49982251207119,17.800952754835027,874.5307270000122,0.0,0.0,24.71103979902703,33.3127951412476,0.0,0.0,407.8522677522057,5.1742499080087,0.0,0.033235741460959776,0.0,1821.4614632213134,35.720372559201564,11540.657407030678,3.0264079211681434,inf,12.894286481538968,8.106351376792894,0.0,0.0,0.0,1020.7308146047021
4F1,651.8284575600726,599.1727184513114,0.0,303.69569310423515,0.0,5.623975071351199,0.0,5605.95153901922,52.08948057306581,3140.603310631102,inf,0.0,46.57308911366288,782.9346175301157,0.0,0.0,2.4114565162583457,32.2703566364645,2.256156778269941,0.0,382.76131655562017,322.5637947768858,0.0,0.0,20.41214016964431,0.0,0.0,0.0,3.064065519758642,1528.8104207572992,0.0,0.0,0.0,0.0,0.0,0.0,0.0,0.0,116.77108270444468,70.49831982351759,inf,0.0,0.0,0.0,3.5757598911159416,0.0,11.75191427231487,2197.463544984097,0.0,46.00763707717763,0.0,0.0,0.0,1.7575725959521313,inf,3.6020463517100323,0.0,0.006312832280832404,0.0,1072.7388994694315,0.0,inf,1.6862451024320584,2155.3597055338473,0.0,0.0,2.7376104193615034,0.0,0.0,616.4978431868668
4G0,162.8744586118076,106.82386094009583,0.0,120.32550245908286,0.0,5.528137255284628,0.0,4851.298731861427,19.910963798514693,5133.734451949713,inf,0.0,20.41604462663756,130.9097542384232,0.0,0.0,1.3238176426637782,0.0,1.6780045476576892,0.0,459.11702526801156,0.0,0.0,0.0,9.79301236798765,0.0,0.0,0.0,0.0,571.5152334344596,0.0,0.0,0.0,0.0,0.0,0.0,0.0,0.0,17.497939185844288,61.063292483480055,317.6609542435817,0.0,0.0,0.0,0.0,95.70974616020334,6.133531442782857,545.8495111416526,0.0,0.0,0.0,0.0,0.0,0.0,254.49862101178002,0.0,0.0,0.005914953988142297,0.0,701.4635837221878,0.0,inf,1.6120026057646848,1446.4235246604537,10.294481395002714,0.0,0.0,0.0,0.0,286.3652942840943
4G1,262.06713576205107,130.55825081486643,0.0,109.84709945340353,0.0,3.905133801166206,0.0,4102.960901991015,27.281152530871193,4340.454076679402,inf,0.0,30.703825905915007,118.06507736229393,0.0,0.0,1.9633959540974846,12.642854619811205,1.7183694433213208,0.0,278.77604881451026,0.0,0.0,0.0,0.0,0.0,0.0,0.0,0.0,945.0720160844758,0.0,0.0,0.0,0.0,0.0,0.0,0.0,0.0,47.87552408827986,50.988932146118714,849.9326645256659,0.0,0.0,14.175400628957034,2.472159677961976,0.0,0.0,1419.8551414478734,0.0,33.2367738036221,0.0,0.0,0.0,1.0415910345018133,911.218736383372,0.0,0.0,0.005746410495386186,0.0,600.0430972783564,0.0,inf,0.0,1531.839833854558,0.0,0.0,2.7477201087009497,0.0,0.0,285.9223501030726
4H0,382.73716182461226,54.34619112496314,0.0,87.76280783621498,0.0,3.8446506701524243,0.0,4611.994694001882,20.96577471855476,5089.958404224912,inf,0.0,20.144470803225047,0.0,0.0,0.0,0.0,0.0,2.159669658913445,0.0,266.4214754213091,0.0,0.0,0.0,0.0,0.0,0.0,0.0,0.0,939.6448584142705,0.0,0.0,0.0,0.0,0.0,0.0,0.0,0.0,14.28088602539345,38.20092508959573,164.09736067850844,0.0,0.0,0.0,0.0,0.0,0.0,350.4947089562337,0.0,0.0,0.0,0.0,0.0,0.0,146.32303457491687,0.0,0.0,0.0,0.0,420.1372473855878,0.0,11123.584579269633,0.0,1072.7351068881314,0.0,0.0,0.0,0.0,0.0,168.17519078950076
4H1,205.87874759922113,72.25304867896565,0.0,113.09558874466977,0.0,6.003003902131763,0.0,5271.749717885597,19.2617469026692,5283.34325784569,inf,0.0,21.769245130635934,61.3177291390579,0.0,0.0,1.6351072105743654,7.393087957132975,1.7347058756217946,0.0,583.6412078212448,274.92740426985756,8.76703762027753,0.0,0.0,0.0,0.0,0.0,0.0,895.8524474244408,0.0,0.0,0.0,0.0,0.0,0.0,0.0,0.0,58.2461608215748,49.00515345213351,814.5792247737384,0.0,0.0,0.0,1.9329345588628468,0.0,8.079201193164481,1207.852423206646,0.0,8.878402954438842,0.0,26.522742510823296,0.0,0.0,590.7544357582634,0.0,0.0,0.005282556516771295,0.0,545.8204514029901,0.0,inf,0.0,1339.1790202748427,0.0,0.0,0.0,0.0,0.0,258.3395100169455
4I0,208.70864230489522,80.79658499490203,0.0,138.28865472343634,0.0,5.61675665851827,0.0,4811.679950543683,18.24806664381373,4768.778513722633,inf,0.0,23.857825064790248,104.70240461915726,0.0,0.0,1.0501697481578989,0.0,2.213400206265757,0.0,323.7754286649203,0.0,0.0,,0.0,0.0,0.0,0.0,0.0,,0.0,0.0,0.0,0.0,0.0,0.0,0.0,0.0,29.844753924332174,41.56309643441858,244.25186455547566,0.0,0.0,0.0,0.0,0.0,6.7158067579902365,580.4432121756695,0.0,0.0,0.0,0.0,0.0,0.0,281.4429914294085,0.0,0.0,0.002831994839984105,0.0,697.6777554554264,0.0,10330.677138031055,0.0,1464.7763257895047,0.0,0.0,0.0,0.0,0.0,260.08633639873284
4I1,314.13104140058743,77.24127221390208,0.0,136.3142881593752,0.0,6.383763192851578,0.0,4938.825844338621,22.988535225109764,4375.61757205751,inf,0.0,31.073765697419514,90.38404602869389,0.0,0.0,1.5932387119890399,9.738580816904806,1.3405841799569855,0.0,484.25802326828654,0.0,0.0,0.0,0.0,0.0,0.0,0.0,0.0,1119.5655243643912,0.0,0.0,0.0,0.0,0.0,0.0,0.0,0.0,64.58248167236152,44.47479922638078,798.3195472283213,0.0,0.0,0.0,2.3772228336928327,0.0,5.959075422465669,1252.1786414180615,0.0,14.27258605630066,0.0,0.0,0.0,0.7757202170420407,766.0448538233719,0.0,0.0,0.01229040383497604,0.0,522.2228554904971,0.0,inf,1.2886105360136972,1391.816838561297,15.913071086316624,0.0,0.0,0.0,0.0,273.66928810487894
4J0,25.642917285553757,58.26479544918057,0.0,102.92285019982438,0.0,4.970420136817366,0.0,5426.425706675735,0.0,6801.990131617531,inf,0.0,8.275158231625706,0.0,0.0,0.0,1.1800417124267149,0.0,2.13634748358374,0.0,395.60804945743405,0.0,0.0,0.0,0.0,0.0,0.0,0.0,0.0,76.3463302720301,0.0,0.0,0.0,0.0,0.0,0.0,0.0,0.0,11.278425268481882,56.89688772062111,137.16842281693638,0.0,0.0,0.0,0.0,0.0,,384.5898541916226,0.0,0.0,0.0,0.0,0.0,0.0,141.40105917831704,0.0,0.0,0.0,0.0,721.277709615561,0.0,inf,0.0,1172.0369818198628,0.0,0.0,0.0,0.0,0.0,245.47992020107407
4J1,60.024521683994585,41.770048592045114,0.0,71.258080750336,0.0,0.0,0.0,0.0,14.7266133908113,3965.250446291122,inf,0.0,17.53127254062845,0.0,0.0,0.0,1.1970493869865357,4.131770656566149,2.1268532255474115,0.0,0.0,0.0,0.0,0.0,0.0,0.0,0.0,0.0,0.0,127.1207644189379,0.0,0.0,0.0,0.0,0.0,0.0,0.0,0.0,24.815764773285608,36.70676998713749,411.97508205916506,0.0,0.0,0.0,1.3612014497319789,0.0,0.0,740.6384408475009,0.0,0.0,0.0,0.0,0.0,0.0,367.95176225679955,0.0,0.0,0.0018786222333911304,0.0,269.1974074485625,0.0,11964.396308828636,0.0,855.2519401833107,11.870949438324429,0.0,0.0,0.0,0.0,169.89078957874548
4K0,73.970920141917,29.576920426736454,0.0,53.59099198763614,0.0,0.0,0.0,4313.882672614912,8.092900832596753,4754.268146179022,inf,0.0,9.263902341286645,0.0,0.0,0.0,0.0,0.0,2.4986222558002367,0.0,0.0,0.0,0.0,0.0,0.0,0.0,0.0,0.0,0.0,306.15392341730717,0.0,0.0,0.0,0.0,0.0,0.0,0.0,0.0,11.945367016347026,33.41562227149985,115.91192560847071,0.0,0.0,0.0,0.0,0.0,0.0,227.93603785493303,0.0,0.0,0.0,0.0,0.0,0.0,92.31725908845354,0.0,0.0,0.0,0.0,269.6340203749364,0.0,9487.172845484865,0.0,740.5264847437984,0.0,0.0,0.0,0.0,0.0,145.41999225967638
4K1,124.48140511901177,33.701295399821994,0.0,49.16929454814663,0.0,0.0,0.0,4848.777154599066,11.024375302919134,5658.394989981086,inf,0.0,13.025673683162891,0.0,0.0,0.0,0.0,0.0,3.224622337927483,0.0,399.66304798160036,0.0,0.0,0.0,0.0,0.0,0.0,0.0,0.0,484.1746146297062,0.0,0.0,0.0,0.0,0.0,0.0,0.0,0.0,31.14154333263795,24.726012827539666,292.8622156777174,0.0,0.0,0.0,1.3480099478936323,0.0,8.418995654726455,363.9509054411872,0.0,0.0,0.0,0.0,0.0,0.0,246.00475634822135,3.4780172189268277,0.0,0.0,0.0,300.85794899618384,0.0,9088.918777169696,0.0,663.6837875745331,0.0,0.0,0.0,0.0,0.0,107.41983158482616
4L0,15.71009340469079,126.4433569421208,0.0,170.37670601038582,0.0,5.018162241842499,0.0,5881.620196130915,7.8854148807575015,7098.4461979979205,inf,0.0,10.148563313172108,110.61546566912234,0.0,0.0,1.406027840694539,0.0,1.7590072026030794,0.0,459.4736590955542,0.0,0.0,0.0,0.0,0.0,0.0,0.0,0.0,0.0,0.0,0.0,0.0,0.0,0.0,0.0,0.0,0.0,16.38240653126467,74.1497685614059,178.94420039402124,0.0,0.0,9.583215899701631,1.2778311219023775,0.0,8.180499723200803,843.585710513681,0.0,0.0,0.0,0.0,0.0,0.0,174.94743698505692,0.0,0.0,0.0,0.0,1162.9551665905994,0.0,inf,0.0,1295.6074807775865,0.0,0.0,0.0,0.0,0.0,383.3134695947713
4L1,0.0,120.69367748688117,0.0,173.29610863696968,0.0,4.539322709087901,0.0,5913.517501827371,7.870253967402803,6281.303444145306,inf,0.0,6.517068037547491,96.36945033159449,0.0,0.0,2.446059692167781,11.634093528122534,1.3621313872653833,0.0,354.3730633424218,0.0,0.0,0.0,0.0,0.0,0.0,0.0,0.0,0.0,0.0,0.0,0.0,0.0,0.0,0.0,0.0,0.0,60.35370591892798,63.35145778686548,809.0849724029325,0.0,0.0,0.0,2.8350371250347894,0.0,10.95990344880273,1666.2165513901032,0.0,8.125237767503458,0.0,0.0,0.0,0.0,843.6868227468804,6.778958757049062,0.0,0.003908398891966459,0.0,869.6735657752791,0.0,inf,0.0,1611.3985688747437,0.0,0.0,0.0,0.0,0.0,433.8494875480999
5A0,202.19520819797526,289.49261683839245,0.0,332.26548153009566,0.0,6.104794187925698,0.0,4701.200439011917,20.663941362886007,4212.512906514856,inf,0.0,27.399222602323455,2650.1097551897287,0.0,0.0,2.045898495358463,0.0,2.148855276133441,0.0,544.0207631057625,0.0,0.0,0.0,14.51204073158544,0.0,0.0,0.0,0.0,1142.5600402317502,0.0,0.0,0.0,0.0,0.0,0.0,0.0,0.0,5.309052067360876,78.66285353160099,468.4178670641805,0.0,0.0,0.0,1.2019816824231189,118.08412212381818,12.760768383609193,1228.8576853971563,0.0,0.0,0.0,0.0,0.0,0.0,281.62187821238103,0.0,0.0,0.0050760025738977406,0.0,981.2080642797206,0.0,11623.645012613659,1.6499406333179403,1858.3567043135247,0.0,0.0,0.0,0.0,0.0,543.3399105185619
5A1,26.476747386068386,643.3798483433819,3.522808176543384,365.4408075737107,0.0,7.0903050237292,0.0,6843.176482699274,23.386146917739417,5708.670655167636,inf,0.0,11.949297029936023,2022.5528360043925,0.0,0.0,5.752270216993665,53.97809933769138,2.197515118966909,0.0,579.7381910424874,0.0,0.0,0.0,16.794859270402142,0.0,0.0,0.0,4.402263189277412,104.54165049725124,0.0,0.0,0.0,0.0,0.0,0.0,0.0,0.0,114.53579169018698,98.80200086571017,inf,0.0,0.0,0.0,9.608360268625953,0.0,26.524022615002064,inf,0.0,33.071305504307595,0.0,0.0,0.0,4.966806850340837,inf,5.914164205326114,0.0,0.015301748417696116,0.0,1862.5237919964266,0.0,inf,3.0204118523175065,inf,0.0,0.0,9.220670701368986,0.0,0.0,1002.6992397345078
5B0,77.01658794744296,549.3496091556538,0.0,411.89126149067874,0.0,5.239000713805376,0.0,5586.558874544334,20.256013581782387,4389.42435433074,inf,0.0,21.154040231615138,2349.430450812889,0.0,0.0,3.2092057335087443,0.0,1.313101924361275,0.0,584.3703668564119,0.0,0.0,0.0,10.753889061254572,0.0,0.0,0.0,0.0,573.1571643725266,0.0,0.0,0.0,0.0,0.0,0.0,0.0,0.0,4.839735939372666,91.61698021174051,436.3398655419435,0.0,0.0,0.0,1.1427022269170368,0.0,8.098842965647641,975.4954268501684,0.0,0.0,25.12953105554441,0.0,0.0,0.0,384.69457786741833,0.0,0.0,0.017008551688790913,0.0,1419.2891889463674,0.0,inf,1.5653286085909979,inf,0.0,0.0,0.0,0.0,0.0,985.1241477345899
5B1,12.595785330827827,680.5415044251657,0.0,349.1614915195218,0.0,6.727217038870258,0.0,5640.007351274386,26.104670039674644,5619.625337925265,inf,0.0,10.643262173984523,1452.8857002983866,0.0,0.0,6.320473247814003,52.14144490954783,2.3106166501192904,0.0,338.0687016817293,380.36033907370916,11.553629655224228,0.0,22.540596220408865,0.0,0.0,0.0,4.974674884988028,0.0,0.0,0.0,0.0,0.0,0.0,0.0,0.0,0.0,172.42695453197632,103.09504518838459,inf,0.0,0.0,14.073431018925598,7.8345432715603875,0.0,25.779157009234815,inf,0.0,25.672993531181348,25.74751276572966,33.695873639582494,0.0,3.676927997601109,inf,4.16249795934597,0.0,0.013963545527787493,0.0,2118.4145953889924,33.043733393004786,,2.2314646886853535,inf,0.0,0.0,6.5654800915818345,0.0,0.0,1283.4370784282864
