"SampleIndex","LPS.Added","AGR2","AGRN","CXCL13","BDNF","BST2","CALB1","TNFRSF14","CD276","CD40","CORO1A","CXCL5","EGF","BSG","CCL24","FGF1","FGFR3","CX3CL1","CSF3","CSF2","GH1","HBA1","ICAM2","IFNG","IL1B","IL1R1","IL10","IL12A","IL16","IL17A","IL18","IL1RN","IL2","IL22","IL23A","IL3","IL31","IL4","IL5","IL6","IL6R","CXCL8","IL9","IFNA1","IFNA2","CXCL10","FABP1","OLR1","CCL2","CCL8","CCL22","MSLN","CXCL9","CCL3","CCL4","CXCL3","CCL15","MB","NEG","OSM","PCSK9","PTX3","PLAU","CALCA","TNFRSF1A","CCL17","CD142","TNF","TREM2","KDR","VEGFA"
"1B0",FALSE,11.2539398504627,25.6133037771606,3.37139762310394,97.8191861522839,1.03665029682145,5.67475663984753,10.1425767517356,4995.00406164316,9.32298681340456,5341.67986015169,4701.88694701016,0.916236644323241,3.21840110864777,50.9191516546305,8.83198797269139,75.2385663535329,0.959968576940654,2.8829113316815,1.18432070032589,2.79351951837818,388.392512660138,272.634777303118,9.18092911226421,4.21626045111441,9.0509205767525,8.3876463287462,2.60071218027309,7.64775219523268,2.90068233248469,25.2952596393778,2.80888014730578,3.45208243915784,2.70589574219386,8.44801700200527,70.0966183229118,27.4099524975813,2.8596902013487,1.04257366268525,5.84871306321783,42.517936956035,79.4488121350473,6.4606602340729,1.0174263480914,23.0766062181541,1.22098535973917,79.8665503304245,9.49119934433628,392.441403756127,1.14381291177631,7.98926271424283,24.1706182924594,26.4403797165597,0.904759881810046,0.741756914801224,51.4627624411133,4.49567788686777,255.173497438978,0.0158236564712744,2.6851177739414,789.164389236228,22.348354891204,8970.06258320118,2.42153016256212,927.813490840018,10.1333867664011,8.03050863178554,2.55299423806385,27.332636615232,25.3395206625655,242.823473346281
"1B1",TRUE,9.88069345253936,51.2916561413529,3.37139762310394,171.960744982659,1.03665029682145,6.09945080786056,10.1425767517356,5078.17002567147,16.0411762946935,4948.48941828638,5211.61945330791,0.916236644323241,7.8090603867494,71.3860901213878,8.83198797269139,75.2385663535329,1.68573899792284,9.78019147890537,1.81990365029794,2.79351951837818,482.413442573379,304.024298188721,8.70280334402008,4.21626045111441,9.54648299557741,8.3876463287462,2.60071218027309,7.64775219523268,2.90068233248469,25.2952596393778,2.80888014730578,3.45208243915784,2.70589574219386,8.44801700200527,70.0966183229118,27.4099524975813,2.8596902013487,1.04257366268525,22.0654807004214,64.4871824195254,839.522625455224,6.4606602340729,1.0174263480914,9.26782189671954,1.69817801260382,79.8665503304245,10.6712737602646,1352.13875477499,1.14381291177631,7.98926271424283,24.1706182924594,26.4403797165597,0.904759881810046,0.741756914801224,604.894389953506,3.42417074060289,255.173497438978,0.00137818606738473,2.6851177739414,1836.12318732199,22.348354891204,11991.9014722675,1.51652287546044,1628.69228482576,10.1333867664011,8.03050863178554,2.55299423806385,27.332636615232,25.3395206625655,425.479821093407
"1D0",FALSE,12.266023072257,36.7234789145077,3.45749070727786,128.621155350149,1.18351820531754,7.92702150390592,10.1425767517356,6146.27655573088,11.2602033249748,6416.60954992212,5211.61945330791,0.916236644323241,6.72895632217606,60.191886129053,8.83198797269139,75.2385663535329,0.959968576940654,3.48591165084095,3.28431878740139,2.79351951837818,867.792022624135,708.981669506435,14.3731577470518,4.3443528717836,9.36226541926466,8.3876463287462,2.60071218027309,7.64775219523268,2.90068233248469,25.2952596393778,2.80888014730578,4.20966483134515,2.70589574219386,8.44801700200527,70.0966183229118,27.4099524975813,2.8596902013487,1.04257366268525,6.48824322000026,53.8000123856272,84.2663391428018,6.4606602340729,1.0174263480914,23.6949958875014,1.13599261617795,160.999700061905,16.0275893573067,400.094367727044,1.14381291177631,7.98926271424283,24.1706182924594,27.8411327373284,0.904759881810046,0.741756914801224,46.8407015540001,7.36500786042061,255.173497438978,0.0372771954886719,2.6851177739414,1293.14259767942,43.850389558633,8262.93921350679,2.20672520263698,1123.90904020595,18.6143939565349,8.03050863178554,3.18310035963834,27.332636615232,25.3395206625655,318.852802928915
"1D1",TRUE,9.88069345253936,33.4750500999605,3.37139762310394,116.474052023207,1.03665029682145,5.91910295870081,10.1425767517356,5064.07736312787,10.2618420264577,5192.2887503905,5211.61945330791,0.916236644323241,3.71005942683988,56.7926879498653,8.83198797269139,75.2385663535329,1.0185695801355,4.55664749230255,2.29200320925134,2.79351951837818,522.572998190482,272.634777303118,8.70280334402008,4.21626045111441,9.0509205767525,8.3876463287462,2.60071218027309,7.64775219523268,2.90068233248469,25.2952596393778,2.80888014730578,3.45208243915784,2.70589574219386,8.44801700200527,70.0966183229118,27.4099524975813,2.8596902013487,1.04257366268525,25.0827341581474,39.3544948774955,417.563016686887,6.4606602340729,1.0174263480914,15.2375670668298,1.23788892707166,79.8665503304245,4.91483131537108,758.307306052383,1.14381291177631,7.98926271424283,24.1706182924594,26.4403797165597,0.904759881810046,0.741756914801224,404.036787668446,3.42417074060289,255.173497438978,0.00559200584024631,2.6851177739414,978.849873408869,22.348354891204,11606.1269969728,1.22719759846975,1214.71525166671,10.1333867664011,8.03050863178554,2.55299423806385,27.332636615232,25.3395206625655,256.664438203059
"1E0",FALSE,10.646456462422,26.6402980581031,3.37139762310394,107.125071043523,1.03665029682145,6.92671819700595,10.1425767517356,6003.56207698716,14.0647278844931,5627.03223102368,4951.2657847941,0.916236644323241,8.76154995018991,47.6266969716993,8.83198797269139,75.2385663535329,0.959968576940654,2.8829113316815,2.59024053684662,2.79351951837818,460.519520500289,272.634777303118,8.70280334402008,4.21626045111441,9.0509205767525,8.3876463287462,2.60071218027309,7.64775219523268,2.90068233248469,111.865573673028,2.80888014730578,3.45208243915784,2.70589574219386,8.44801700200527,70.0966183229118,27.4099524975813,2.8596902013487,1.04257366268525,4.8021241842212,30.8035685322155,144.856855449699,6.4606602340729,1.0174263480914,9.26782189671954,1.06445296773691,79.8665503304245,5.45076614325637,468.75061856082,1.14381291177631,7.98926271424283,24.1706182924594,26.4403797165597,0.904759881810046,0.741756914801224,63.1111195530299,3.63848892235119,255.173497438978,0.00670999112981704,2.6851177739414,618.766035907507,22.348354891204,9637.87479591473,1.22719759846975,925.754543539173,10.7648242027958,8.03050863178554,2.55299423806385,27.332636615232,25.3395206625655,203.03931129215
"1E1",TRUE,9.88069345253936,24.8651742818264,3.37139762310394,98.732753819819,1.03665029682145,5.61930379418364,10.1425767517356,5093.34284852327,8.93345271426688,5455.27302088916,5211.61945330791,0.916236644323241,3.46621750377461,47.6266969716993,8.83198797269139,75.2385663535329,0.959968576940654,3.59030408676447,2.23123445101478,2.79351951837818,379.583714377939,272.634777303118,8.70280334402008,4.21626045111441,9.0509205767525,8.3876463287462,2.60071218027309,7.64775219523268,2.90068233248469,25.2952596393778,2.80888014730578,3.45208243915784,2.70589574219386,8.44801700200527,70.0966183229118,27.4099524975813,2.8596902013487,1.04257366268525,32.7603941685061,28.7517482340735,411.478350826556,6.4606602340729,1.0174263480914,9.26782189671954,1.06445296773691,79.8665503304245,6.76127730119043,620.217522054066,1.14381291177631,7.98926271424283,24.1706182924594,26.4403797165597,0.904759881810046,0.741756914801224,289.53576291346,3.42417074060289,255.173497438978,0.00137818606738473,2.6851177739414,753.477300594753,22.348354891204,10619.8058741272,1.22719759846975,1044.00896199915,10.1333867664011,8.03050863178554,2.55299423806385,27.332636615232,25.3395206625655,275.548886273725
"1F0",FALSE,9.88069345253936,54.1033313541045,3.37139762310394,190.706276354225,1.03665029682145,8.24369649222442,10.1425767517356,6209.79147088473,18.3938924023706,7180.71657423845,5211.61945330791,0.916236644323241,9.36144465904064,47.6266969716993,8.83198797269139,75.2385663535329,0.959968576940654,2.8829113316815,1.71082040340527,2.79351951837818,542.167907775654,417.494983931616,8.70280334402008,4.21626045111441,9.0509205767525,8.3876463287462,2.60071218027309,7.64775219523268,2.90068233248469,44.0436368175791,2.80888014730578,3.45208243915784,2.70589574219386,8.44801700200527,70.0966183229118,27.4099524975813,2.8596902013487,1.04257366268525,6.71187780531246,65.8866845136232,218.328834225825,6.4606602340729,1.0174263480914,9.26782189671954,1.26377029740985,79.8665503304245,12.163491721434,662.663020994952,1.14381291177631,7.98926271424283,24.1706182924594,26.4403797165597,0.904759881810046,0.741756914801224,129.183862710089,3.59405778895085,255.173497438978,0.00728252555439592,2.6851177739414,1786.88951097983,25.5402473942335,11991.9014722675,1.22719759846975,1540.96865392902,12.0651583081127,8.03050863178554,2.55299423806385,27.332636615232,25.3395206625655,437.856946337879
"1F1",TRUE,9.88069345253936,31.6003332113121,3.37139762310394,131.214530634941,1.03665029682145,4.721480423765,10.1425767517356,5136.78903099241,9.44040617759534,4451.76154334972,5211.61945330791,0.916236644323241,5.21899321756656,47.6266969716993,8.83198797269139,75.2385663535329,0.996881161147722,4.30515630713608,2.56936247968896,2.79351951837818,340.878760760809,272.634777303118,8.70280334402008,4.21626045111441,9.0509205767525,8.3876463287462,2.60071218027309,7.64775219523268,2.90068233248469,25.2952596393778,2.80888014730578,3.45208243915784,2.70589574219386,8.44801700200527,70.0966183229118,27.4099524975813,2.8596902013487,1.04257366268525,27.190709433418,46.315850178828,515.172828177561,6.4606602340729,1.0174263480914,9.26782189671954,1.10096186131736,79.8665503304245,4.91483131537108,794.736908256132,1.14381291177631,7.98926271424283,24.1706182924594,26.4403797165597,0.904759881810046,0.741756914801224,446.852345374427,3.42417074060289,255.173497438978,0.00897769521415033,2.6851177739414,1341.15167227219,22.348354891204,11991.9014722675,1.22719759846975,1419.76304523658,10.1333867664011,8.03050863178554,2.55299423806385,27.332636615232,25.3395206625655,327.992009726055
"1I0",FALSE,9.88069345253936,54.997866411927,3.37139762310394,179.680392159958,1.03665029682145,5.34777806436144,10.1425767517356,5851.34044853725,14.7126267131533,7493.93014590042,4769.2353389496,0.916236644323241,4.7228682620655,95.1434101654667,8.83198797269139,75.2385663535329,0.959968576940654,2.8829113316815,2.54399004614619,2.79351951837818,526.277426704309,272.634777303118,8.70280334402008,4.21626045111441,9.0509205767525,8.3876463287462,2.60071218027309,7.64775219523268,2.90068233248469,25.2952596393778,2.80888014730578,3.45208243915784,2.70589574219386,8.44801700200527,70.0966183229118,27.4099524975813,2.8596902013487,1.04257366268525,4.00422978946845,65.4780933451334,143.00824530674,6.4606602340729,1.0174263480914,9.26782189671954,1.06445296773691,79.8665503304245,4.91483131537108,506.108333707263,1.14381291177631,7.98926271424283,24.1706182924594,26.4403797165597,0.904759881810046,0.741756914801224,83.9408473098941,3.42417074060289,255.173497438978,0.00137818606738473,2.6851177739414,1974.621038996,22.348354891204,10770.310711505,1.22719759846975,1380.06164292597,10.1333867664011,8.03050863178554,2.55299423806385,27.332636615232,25.3395206625655,467.13330427229
"1I1",TRUE,9.88069345253936,25.5730724000151,3.37139762310394,93.9043925371265,1.03665029682145,3.55042467109493,10.1425767517356,5422.25232954422,7.86429604476087,5192.14449948568,5211.61945330791,0.916236644323241,3.21840110864777,47.6266969716993,8.83198797269139,75.2385663535329,0.959968576940654,2.8829113316815,3.27520832488594,2.79351951837818,343.559593832402,272.634777303118,8.70280334402008,4.21626045111441,9.0509205767525,8.3876463287462,2.60071218027309,7.64775219523268,2.90068233248469,25.2952596393778,2.80888014730578,3.45208243915784,2.70589574219386,8.44801700200527,70.0966183229118,27.4099524975813,2.8596902013487,1.04257366268525,13.0324857903258,31.8967749857942,369.708747921075,6.4606602340729,1.0174263480914,9.26782189671954,1.06445296773691,79.8665503304245,4.91483131537108,648.719221124692,1.14381291177631,7.98926271424283,24.1706182924594,26.4403797165597,0.904759881810046,0.741756914801224,319.240143203465,3.42417074060289,255.173497438978,0.00137818606738473,2.6851177739414,675.507991495092,22.348354891204,9358.37992335291,1.22719759846975,1064.7285025741,10.1333867664011,8.03050863178554,2.55299423806385,27.332636615232,25.3395206625655,216.376824774807
"1L0",FALSE,9.88069345253936,25.8203774413895,3.37139762310394,98.9573181600471,1.03665029682145,6.36717125607221,10.1425767517356,5093.76219732964,9.08071620965756,5139.12299107812,4290.36862640374,0.916236644323241,3.83977083954875,47.6266969716993,8.83198797269139,75.2385663535329,0.959968576940654,2.8829113316815,2.49476658871625,2.79351951837818,438.834066520555,350.444433444983,8.70280334402008,4.21626045111441,9.0509205767525,8.3876463287462,2.60071218027309,7.64775219523268,2.90068233248469,25.2952596393778,2.80888014730578,3.45208243915784,2.70589574219386,8.44801700200527,70.0966183229118,27.4099524975813,2.8596902013487,1.04257366268525,5.38895234800211,39.6628135791458,70.3856962239857,6.4606602340729,1.0174263480914,9.26782189671954,1.06445296773691,79.8665503304245,4.91483131537108,329.539900543167,1.14381291177631,7.98926271424283,24.1706182924594,26.4403797165597,0.904759881810046,0.741756914801224,38.0953683853206,6.45708798948323,255.173497438978,0.00361484618250706,2.6851177739414,778.378100753524,22.348354891204,8076.48016964597,1.22719759846975,860.678054470831,14.1864551843655,8.03050863178554,2.55299423806385,27.332636615232,25.3395206625655,203.357756669558
"1L1",TRUE,9.88069345253936,23.1289297727908,3.37139762310394,81.3462777049471,1.03665029682145,5.07240832982587,10.1425767517356,4946.54922178556,7.78357097604233,5205.00416661029,5211.61945330791,0.916236644323241,3.28020554081911,47.6266969716993,8.83198797269139,75.2385663535329,0.959968576940654,2.8829113316815,1.5969003132177,2.79351951837818,352.884947263949,272.634777303118,8.70280334402008,4.21626045111441,9.0509205767525,8.3876463287462,2.60071218027309,7.64775219523268,2.90068233248469,25.2952596393778,2.80888014730578,3.45208243915784,2.70589574219386,8.44801700200527,70.0966183229118,27.4099524975813,2.8596902013487,1.04257366268525,10.886846812597,29.3462011814373,291.742483111734,6.4606602340729,1.0174263480914,9.26782189671954,1.06445296773691,79.8665503304245,8.03803144736176,466.135101751119,1.14381291177631,7.98926271424283,24.1706182924594,26.4403797165597,0.904759881810046,0.741756914801224,209.77319669535,3.42417074060289,255.173497438978,0.00137818606738473,2.6851177739414,504.743315695759,22.348354891204,8561.29408450712,1.22719759846975,845.989364854636,10.1333867664011,8.03050863178554,2.55299423806385,27.332636615232,25.3395206625655,147.190810754018
"2C0",FALSE,9.88069345253936,21.2330021305395,3.37139762310394,71.0152489658884,1.03665029682145,6.0945410606625,10.1425767517356,5694.20330455402,7.78357097604233,6190.07615280702,3900.51879849016,0.916236644323241,3.27592099091884,47.6266969716993,8.83198797269139,75.2385663535329,0.959968576940654,2.8829113316815,1.66465939663985,2.79351951837818,467.698419928386,272.634777303118,8.70280334402008,4.21626045111441,9.0509205767525,8.3876463287462,2.60071218027309,7.64775219523268,2.90068233248469,25.2952596393778,2.80888014730578,3.45208243915784,2.70589574219386,8.44801700200527,70.0966183229118,27.4099524975813,2.8596902013487,1.04257366268525,4.26644922482356,23.705645308157,70.7902332906037,6.4606602340729,1.0174263480914,9.26782189671954,1.22185079080413,79.8665503304245,4.91483131537108,283.964306805142,1.14381291177631,7.98926271424283,24.1706182924594,26.4403797165597,0.904759881810046,0.741756914801224,32.1167673044668,3.42417074060289,255.173497438978,0.00155492939377503,2.6851177739414,1169.88605742927,22.348354891204,8741.66261635651,1.22719759846975,698.445131149153,10.1333867664011,8.03050863178554,2.55299423806385,27.332636615232,25.3395206625655,173.107462083818
"2C1",TRUE,9.88069345253936,12.8086003936193,3.37139762310394,60.3305585138021,1.03665029682145,4.83534503376225,10.1425767517356,4224.04395730856,7.78357097604233,5494.05215050791,5211.61945330791,0.916236644323241,3.21840110864777,47.6266969716993,8.83198797269139,75.2385663535329,0.959968576940654,3.41239635451865,2.43228609620352,2.79351951837818,298.395576163529,272.634777303118,8.70280334402008,4.21626045111441,9.0509205767525,8.3876463287462,2.60071218027309,7.64775219523268,2.90068233248469,25.2952596393778,2.80888014730578,3.45208243915784,2.70589574219386,8.44801700200527,70.0966183229118,27.4099524975813,2.8596902013487,1.04257366268525,21.2337838118231,22.8996894689346,230.517836130854,6.4606602340729,1.0174263480914,9.26782189671954,1.06445296773691,80.287685740605,4.91483131537108,530.295914009591,1.14381291177631,7.98926271424283,24.1706182924594,26.4403797165597,0.904759881810046,0.741756914801224,224.529793856954,3.42417074060289,255.173497438978,0.00959216942507508,2.6851177739414,1028.54096806224,22.348354891204,10149.6454844373,1.22719759846975,672.780251589535,10.7524746373888,8.03050863178554,2.55299423806385,27.332636615232,25.3395206625655,147.397052102207
"2D0",FALSE,9.88069345253936,21.9949283945664,3.37139762310394,87.2982136013653,1.03665029682145,6.77139510374752,10.1425767517356,6633.21329201159,8.26781513398937,7772.08764243891,3731.72721142909,0.916236644323241,4.20494647227687,47.6266969716993,8.83198797269139,75.2385663535329,0.959968576940654,2.8829113316815,2.34448420514821,2.79351951837818,465.879748719209,310.231769254304,8.70280334402008,4.21626045111441,9.0509205767525,8.3876463287462,2.60071218027309,7.64775219523268,2.90068233248469,25.2952596393778,2.80888014730578,3.45208243915784,2.70589574219386,8.44801700200527,70.0966183229118,27.4099524975813,2.8596902013487,1.04257366268525,3.07772127068462,26.2167259216608,82.6825275017942,6.4606602340729,1.0174263480914,9.26782189671954,1.38207525735361,79.8665503304245,5.73440217547751,334.376580436132,1.14381291177631,7.98926271424283,24.1706182924594,26.4403797165597,0.904759881810046,0.741756914801224,40.412576488256,3.42417074060289,255.173497438978,0.016095050606631,2.6851177739414,1155.47785154237,22.348354891204,8263.38700643273,1.22719759846975,761.052298662787,10.1333867664011,8.03050863178554,2.55299423806385,27.332636615232,25.3395206625655,194.816028222019
"2D1",TRUE,9.88069345253936,19.2313226627427,3.37139762310394,69.5827212392702,1.03665029682145,5.92415250765154,10.1425767517356,5488.6873861218,7.78357097604233,6689.67828560128,5152.07243789835,0.916236644323241,3.57079260204693,47.6266969716993,8.83198797269139,75.2385663535329,1.01906869929923,3.74274157397349,2.87995054296174,2.79351951837818,451.031293168669,272.634777303118,8.70280334402008,4.21626045111441,9.0509205767525,8.3876463287462,2.60071218027309,7.64775219523268,2.90068233248469,25.2952596393778,2.80888014730578,3.45208243915784,2.70589574219386,8.44801700200527,70.0966183229118,27.4099524975813,2.8596902013487,1.04257366268525,13.4719290431556,26.5704196201546,320.14467979664,6.4606602340729,1.0174263480914,9.26782189671954,1.20475072518412,84.5868724537284,9.35755995183668,633.724330681303,1.14381291177631,7.98926271424283,24.1706182924594,26.4403797165597,0.904759881810046,0.741756914801224,296.478170824579,3.42417074060289,255.173497438978,0.00861693092510883,2.6851177739414,793.688644474877,22.348354891204,8766.75731641732,1.22719759846975,753.272143941799,10.1333867664011,8.03050863178554,2.55299423806385,27.332636615232,25.3395206625655,165.245123547782
"2G0",FALSE,69.4839496232215,22.7487904882124,3.37139762310394,101.984052128099,1.03665029682145,5.51048863695114,10.1425767517356,5020.43590396505,12.2192193223228,6258.040903333,3697.58834200718,0.916236644323241,11.2438379443114,47.6266969716993,8.83198797269139,75.2385663535329,0.959968576940654,2.8829113316815,1.14436329694704,2.79351951837818,1032.32554126557,272.634777303118,8.70280334402008,4.21626045111441,9.68910174585461,8.3876463287462,2.60071218027309,7.64775219523268,2.90162727326545,216.863146957332,2.953933367977,3.45208243915784,2.70589574219386,8.44801700200527,70.0966183229118,27.4099524975813,2.8596902013487,1.04257366268525,7.88250723169429,25.5341716000612,146.583418934203,6.4606602340729,1.0174263480914,9.26782189671954,1.06445296773691,79.8665503304245,4.91483131537108,343.345008536792,1.14381291177631,7.98926271424283,24.1706182924594,26.6603439461194,0.904759881810046,0.741756914801224,59.5134250824635,3.42417074060289,255.173497438978,0.00979438861289169,2.6851177739414,974.107527875213,22.348354891204,8819.168955868,1.22719759846975,780.769601891201,10.1333867664011,8.03050863178554,2.56957597810529,27.332636615232,25.3395206625655,149.911562567824
"2G1",TRUE,9.88069345253936,9.40228630342074,3.37139762310394,74.3231263540992,1.03665029682145,3.55042467109493,10.1425767517356,3808.66109028146,7.78357097604233,4684.19955141081,5211.61945330791,0.916236644323241,3.21840110864777,47.6266969716993,8.83198797269139,75.2385663535329,0.959968576940654,3.42679402676273,2.4005179484085,2.79351951837818,304.372206021913,272.634777303118,8.70280334402008,4.21626045111441,9.0509205767525,8.3876463287462,2.60071218027309,7.64775219523268,2.90068233248469,25.2952596393778,2.80888014730578,3.45208243915784,2.70589574219386,8.44801700200527,70.0966183229118,27.4099524975813,2.8596902013487,1.04257366268525,15.1133250000728,23.4188478486058,337.152859874167,6.4606602340729,1.0174263480914,9.26782189671954,1.1591670743651,79.8665503304245,4.91483131537108,495.602585880694,1.14381291177631,7.98926271424283,24.1706182924594,26.4403797165597,0.904759881810046,0.741756914801224,257.997610136144,3.42417074060289,255.173497438978,0.00405389657078181,2.6851177739414,900.68716346386,22.348354891204,9018.72232979608,1.22719759846975,765.679133162365,10.1333867664011,8.03050863178554,2.55299423806385,27.332636615232,25.3395206625655,152.266282364525
"2I0",FALSE,9.88069345253936,32.0665916865293,3.37139762310394,89.6370064065855,1.03665029682145,5.4231212727713,10.1425767517356,5370.94162715445,7.85527612025598,6353.88075332562,4133.2857802331,0.916236644323241,5.20430037644047,47.6266969716993,8.83198797269139,75.2385663535329,0.959968576940654,2.8829113316815,2.8700992627469,2.79351951837818,565.69684603288,437.243141363219,8.70280334402008,4.21626045111441,9.0509205767525,8.3876463287462,2.60071218027309,7.64775219523268,2.90068233248469,25.2952596393778,2.80888014730578,3.45208243915784,2.70589574219386,8.44801700200527,70.0966183229118,27.4099524975813,2.8596902013487,1.04257366268525,2.03293006800289,34.3994003713996,72.5898445772583,6.4606602340729,1.0174263480914,9.26782189671954,1.2224091308044,79.8665503304245,7.43337633688944,292.121426552362,1.14381291177631,7.98926271424283,24.1706182924594,26.4403797165597,0.904759881810046,0.741756914801224,39.4281139471233,4.258787258868,255.173497438978,0.0136012404137924,2.6851177739414,1760.54662297547,22.348354891204,6455.21586498343,1.22719759846975,899.124131244438,12.8390169992126,8.03050863178554,2.55299423806385,27.332636615232,25.3395206625655,251.594182054276
"2I1",TRUE,13.0122723279733,39.0183625653461,3.37139762310394,111.688315647507,1.03665029682145,7.22507450076431,10.1425767517356,6293.84806248381,15.7472792947476,7509.93824315227,5211.61945330791,0.916236644323241,9.85231366026192,49.4981389239278,8.83198797269139,75.2385663535329,1.55355388831662,5.4619629278849,2.18133410157668,2.79351951837818,314.284183255747,272.634777303118,8.70280334402008,4.21626045111441,9.0509205767525,8.3876463287462,2.60071218027309,7.64775219523268,2.90068233248469,25.2952596393778,2.80888014730578,3.45208243915784,2.70589574219386,8.44801700200527,70.0966183229118,27.4099524975813,2.8596902013487,1.04257366268525,16.5699665679113,38.1354983428829,521.004737823965,6.4606602340729,1.0174263480914,9.26782189671954,1.35640947052211,79.8665503304245,9.16211512416194,880.063080180383,1.14381291177631,11.5249332057562,24.1706182924594,26.4403797165597,0.904759881810046,0.741756914801224,482.288581684826,3.42417074060289,255.173497438978,0.00941916948714312,2.6851177739414,1906.10339879662,22.348354891204,9486.36250886421,1.59199616640824,1295.27065570381,11.6973703508233,8.03050863178554,2.55299423806385,27.332636615232,25.3395206625655,350.631166622013
"2J0",FALSE,9.88069345253936,15.7267122648651,3.37139762310394,48.4852058649432,1.03665029682145,4.80225995042672,10.1425767517356,5836.00624663083,7.78357097604233,6684.27820988021,2993.76291340176,0.916236644323241,3.21840110864777,47.6266969716993,8.83198797269139,75.2385663535329,0.959968576940654,2.8829113316815,2.94835719537462,2.79351951837818,514.628177270589,272.634777303118,8.70280334402008,4.21626045111441,9.0509205767525,8.3876463287462,2.60071218027309,7.64775219523268,2.90068233248469,25.2952596393778,2.80888014730578,3.45208243915784,2.70589574219386,8.44801700200527,70.0966183229118,27.4099524975813,2.8596902013487,1.04257366268525,3.04854302308631,20.083887046672,40.9543309663965,6.4606602340729,1.0174263480914,9.26782189671954,1.07515572090818,80.2764509787688,6.49432986150232,110.060878459517,1.14381291177631,7.98926271424283,24.1706182924594,26.4403797165597,0.904759881810046,0.741756914801224,23.282284309066,3.42417074060289,255.173497438978,0.00283194135156223,2.6851177739414,888.400337769674,22.348354891204,3606.83158422671,1.24398853364209,423.940115318649,10.1333867664011,8.03050863178554,2.55299423806385,27.332636615232,25.3395206625655,130.037416805123
"2J1",TRUE,9.88069345253936,32.0607901434523,3.37139762310394,75.1284990360004,1.03665029682145,6.06539597751236,10.1425767517356,5161.19759915431,11.4123359072712,7587.71168058673,5211.61945330791,0.916236644323241,6.9383000268572,47.6266969716993,8.83198797269139,75.2385663535329,1.09799142897798,5.69161546177026,2.28452133177716,2.79351951837818,354.700132444496,272.634777303118,10.0235823042434,4.21626045111441,9.0509205767525,8.3876463287462,2.60071218027309,7.64775219523268,2.90068233248469,25.2952596393778,2.80888014730578,3.45208243915784,2.70589574219386,8.44801700200527,70.0966183229118,27.4099524975813,2.8596902013487,1.04257366268525,17.8300149886601,44.4005066040546,428.447108573762,6.4606602340729,1.0174263480914,10.6118872722813,1.33436432653709,79.8665503304245,11.2203342613696,633.628126364694,1.14381291177631,8.26763823575119,24.1706182924594,26.4403797165597,0.904759881810046,0.741756914801224,359.767382942815,5.10259092241902,255.173497438978,0.00735065865694351,2.6851177739414,1409.26976771567,22.348354891204,10234.2957831174,1.64634746130149,973.698903122259,12.5097676995326,8.03050863178554,2.55299423806385,27.332636615232,25.3395206625655,224.892570025309
"2K0",FALSE,9.88069345253936,10.1058264459815,3.37139762310394,34.6213159441166,1.03665029682145,6.52417715704445,10.1425767517356,5025.4055397797,7.78357097604233,6382.67099232575,1906.0337361285,0.916236644323241,3.21840110864777,47.6266969716993,8.83198797269139,75.2385663535329,0.959968576940654,2.8829113316815,2.78301890092327,2.79351951837818,349.709697034729,272.634777303118,8.70280334402008,4.21626045111441,9.0509205767525,8.3876463287462,2.60071218027309,7.64775219523268,2.90068233248469,25.2952596393778,2.80888014730578,3.45208243915784,2.70589574219386,8.44801700200527,70.0966183229118,27.4099524975813,2.8596902013487,1.04257366268525,3.05130834877064,11.1841913377752,26.1592239736969,6.4606602340729,1.0174263480914,9.26782189671954,1.06445296773691,79.8665503304245,6.41077905493062,61.0018029026711,1.14381291177631,7.98926271424283,24.1706182924594,26.4403797165597,0.904759881810046,0.741756914801224,13.4847478833201,3.58574832338918,255.173497438978,0.00137818606738473,2.6851177739414,627.752074283025,22.348354891204,2451.39528486557,1.22719759846975,231.099711170763,11.2247436531386,8.03050863178554,2.55299423806385,27.332636615232,25.3395206625655,71.0173128116357
"2K1",TRUE,9.88069345253936,19.9241828355999,3.37139762310394,55.6209121782435,1.03665029682145,6.93193336900445,10.1425767517356,5207.59514523386,7.78357097604233,6908.1407265747,4529.18033692276,0.916236644323241,4.90966432566664,47.6266969716993,8.83198797269139,75.2385663535329,0.959968576940654,2.8829113316815,3.79093455383801,2.79351951837818,483.48063874814,364.262138002818,8.70280334402008,4.21626045111441,9.0509205767525,8.3876463287462,2.60071218027309,7.64775219523268,2.90068233248469,25.2952596393778,2.80888014730578,3.45208243915784,2.70589574219386,8.44801700200527,70.0966183229118,27.4099524975813,2.8596902013487,1.04257366268525,12.1260237323323,24.7487613551241,250.458450122428,6.4606602340729,1.0174263480914,16.2663109497326,1.15688851706808,79.8665503304245,7.96863999735587,340.69962801815,1.14381291177631,7.98926271424283,24.1706182924594,26.4403797165597,0.904759881810046,0.741756914801224,201.198675349855,3.42417074060289,255.173497438978,0.00137818606738473,2.6851177739414,1067.50739188451,22.348354891204,5172.16110757158,1.43792744010115,575.003409093817,13.5878459096939,8.03050863178554,2.55299423806385,27.332636615232,25.3395206625655,177.084154525396
"2L0",FALSE,9.88069345253936,31.7339809967907,3.37139762310394,80.0746578398273,1.03665029682145,5.8534273539701,10.1425767517356,5125.7476805833,8.10013284200991,6289.71354810157,3859.19473011912,0.916236644323241,8.4568603889546,47.6266969716993,8.83198797269139,75.2385663535329,0.959968576940654,2.8829113316815,2.41604125389936,2.79351951837818,394.380391461138,272.634777303118,8.70280334402008,4.21626045111441,9.0509205767525,8.3876463287462,2.60071218027309,7.64775219523268,2.90068233248469,25.2952596393778,2.80888014730578,3.45208243915784,2.70589574219386,8.44801700200527,70.0966183229118,27.4099524975813,2.8596902013487,1.04257366268525,5.11013054229801,33.6784772667363,67.7197756816341,6.4606602340729,1.0174263480914,9.26782189671954,1.1942671247928,79.8665503304245,5.55140687946851,248.514854189483,1.14381291177631,7.98926271424283,24.1706182924594,26.4403797165597,0.904759881810046,0.741756914801224,35.5453709766534,3.42417074060289,255.173497438978,0.00572603091990943,2.6851177739414,1749.45156956266,22.348354891204,6085.16976163391,1.22719759846975,816.460667811651,10.1333867664011,8.03050863178554,2.55299423806385,27.332636615232,25.3395206625655,224.928417077126
"2L1",TRUE,9.88069345253936,32.4450007516217,3.37139762310394,100.142828155289,1.03665029682145,9.26169156514444,10.1425767517356,6028.34009750795,12.7932069632904,6105.45014273667,5211.61945330791,0.916236644323241,6.54115219431799,47.6266969716993,8.83198797269139,75.2385663535329,1.2859845118889,6.89452106855289,2.13974085351378,2.79351951837818,613.298554570016,340.226023026996,8.70280334402008,4.21626045111441,10.1086060088968,8.3876463287462,2.60071218027309,7.64775219523268,2.90068233248469,25.2952596393778,2.80888014730578,3.45208243915784,2.70589574219386,8.44801700200527,70.0966183229118,27.4099524975813,2.8596902013487,1.04257366268525,21.5486966599243,41.1402777212674,498.582143348865,6.4606602340729,1.0174263480914,9.26782189671954,1.28614272321671,96.9450204122192,9.01557306381138,711.092193700842,1.14381291177631,9.97845487025332,24.1706182924594,26.4403797165597,0.904759881810046,0.741756914801224,289.203961475827,4.35101042810496,255.173497438978,0.0302983002894466,2.6851177739414,1691.7827466357,22.348354891204,9314.45047197633,2.37335161792317,1065.75617170366,13.2940175524489,8.03050863178554,2.55299423806385,27.332636615232,25.3395206625655,277.012798709788
"3A0",FALSE,9.88069345253936,33.6316045259644,3.37139762310394,135.851778795526,1.03665029682145,5.47663088028334,10.1425767517356,6140.45569436225,10.151152810388,6180.63317942725,5093.47746110968,0.916236644323241,10.1240731766141,47.6266969716993,8.83198797269139,75.2385663535329,0.959968576940654,2.8829113316815,2.12163929523067,2.79351951837818,494.942313295949,282.817123151933,8.70280334402008,4.21626045111441,9.0509205767525,8.3876463287462,2.60071218027309,7.64775219523268,2.90068233248469,25.2952596393778,2.80888014730578,3.45208243915784,2.70589574219386,8.44801700200527,70.0966183229118,27.4099524975813,2.8596902013487,1.04257366268525,6.97152688267043,38.9990143114453,88.6142512868239,6.4606602340729,1.0174263480914,9.26782189671954,1.06445296773691,79.8665503304245,5.68272540118971,540.750523281202,1.14381291177631,7.98926271424283,24.1706182924594,26.4403797165597,0.904759881810046,0.741756914801224,48.7360992984687,6.44593055602872,255.173497438978,0.00705753640244772,2.6851177739414,760.79663941988,22.348354891204,10719.8414613791,1.22719759846975,1073.08436698433,12.8461550725144,8.03050863178554,2.55299423806385,27.332636615232,25.3395206625655,275.803646816379
"3A1",TRUE,10.2708947370196,44.1142269994223,3.37139762310394,139.254360100324,1.03665029682145,7.13522389960082,10.1425767517356,6720.36216570615,14.6037196211996,5926.72511096057,5211.61945330791,0.916236644323241,9.48862152403582,47.6266969716993,8.83198797269139,75.2385663535329,1.55549104699466,5.13971949650173,2.46161590452657,2.79351951837818,381.209429392169,608.701444780191,8.70280334402008,4.21626045111441,9.0509205767525,8.3876463287462,2.60071218027309,7.64775219523268,2.90068233248469,25.2952596393778,2.80888014730578,3.45208243915784,2.70589574219386,8.44801700200527,70.0966183229118,27.4099524975813,2.8596902013487,1.04257366268525,39.0164125602023,49.3173867460872,445.75157314836,6.4606602340729,1.0174263480914,14.8112136262453,1.17206088298689,92.6576374319993,11.1319498252788,1082.01313152999,1.14381291177631,7.98926271424283,24.1706182924594,26.4403797165597,0.904759881810046,0.741756914801224,406.38664816648,6.02262785329015,255.173497438978,0.00276065736049849,2.6851177739414,1004.65016398803,22.348354891204,11991.9014722675,1.22719759846975,1342.61706632261,11.2088717130882,8.03050863178554,2.55299423806385,27.332636615232,25.3395206625655,288.326483132967
"3B0",FALSE,9.88069345253936,21.44211903063,3.37139762310394,89.9175153877104,1.03665029682145,4.91849696852392,10.1425767517356,4629.43872113171,7.78357097604233,4827.42734811937,4453.780169132,0.916236644323241,3.21840110864777,47.6266969716993,8.83198797269139,75.2385663535329,0.959968576940654,2.8829113316815,1.78999444568856,2.79351951837818,389.927900209402,377.429943358489,8.70280334402008,4.21626045111441,9.0509205767525,8.3876463287462,2.60071218027309,7.64775219523268,2.90068233248469,25.2952596393778,2.80888014730578,3.45208243915784,2.70589574219386,8.44801700200527,70.0966183229118,27.4099524975813,2.8596902013487,1.04257366268525,6.19511648083576,28.9098846196233,58.5504574075005,6.4606602340729,1.0174263480914,9.26782189671954,1.06445296773691,89.2420316419873,5.50520805099374,300.147707950923,1.14381291177631,7.98926271424283,24.1706182924594,26.4403797165597,0.904759881810046,0.741756914801224,30.8740018994562,3.42417074060289,255.173497438978,0.00448476612590018,2.6851177739414,534.654954128823,22.348354891204,9765.92186017619,1.22719759846975,830.797107654406,10.1333867664011,8.03050863178554,2.55299423806385,27.332636615232,25.3395206625655,189.296539731836
"3B1",TRUE,9.88069345253936,44.7117369924616,3.37139762310394,134.044414054968,1.03665029682145,7.38371622028222,10.1425767517356,5988.3690692757,12.4342023569747,5515.005758879,5211.61945330791,0.916236644323241,6.06885972446249,56.4039087114319,8.83198797269139,75.2385663535329,1.17520696283132,5.18364965674209,1.73861841507706,2.79351951837818,456.803133183991,461.610419640075,13.8398180996906,4.21626045111441,9.59091777528622,8.3876463287462,2.60071218027309,7.64775219523268,2.90068233248469,25.2952596393778,5.07404748422696,3.45208243915784,2.70589574219386,8.44801700200527,70.0966183229118,27.4099524975813,2.8596902013487,1.04257366268525,31.3846645971828,63.9452906194977,610.634494736513,6.4606602340729,1.0174263480914,18.0903049399796,1.37411799821042,87.0388938266802,13.3170647281877,963.719751818984,1.14381291177631,7.98926271424283,24.1706182924594,26.4403797165597,0.904759881810046,0.741756914801224,381.397017368097,5.87637864602815,255.173497438978,0.0138142317005754,2.6851177739414,1078.89916216327,22.348354891204,11991.9014722675,2.48523146224189,1135.79428368991,11.0296261316929,8.03050863178554,2.55299423806385,27.332636615232,25.3395206625655,300.3907441515
"3C0",FALSE,9.88069345253936,31.3651966986944,3.37139762310394,98.6454484225612,1.03665029682145,5.79808447984819,10.1425767517356,5631.6714821326,7.78357097604233,4415.52773100053,4686.60060575397,0.916236644323241,4.40520779229995,47.6266969716993,8.83198797269139,75.2385663535329,0.959968576940654,2.8829113316815,2.313217526287,2.79351951837818,505.011346724363,272.634777303118,8.70280334402008,4.21626045111441,9.0509205767525,8.3876463287462,2.60071218027309,7.64775219523268,2.90068233248469,25.2952596393778,2.80888014730578,3.45208243915784,2.70589574219386,8.44801700200527,70.0966183229118,27.4099524975813,2.8596902013487,1.04257366268525,6.69395109046695,36.495497586745,63.2830676186825,6.4606602340729,1.0174263480914,9.26782189671954,1.06445296773691,79.8665503304245,7.37532327351241,344.142155891956,1.14381291177631,7.98926271424283,24.1706182924594,26.4403797165597,0.904759881810046,0.741756914801224,29.0388099198079,3.42417074060289,255.173497438978,0.00175943639671847,2.6851177739414,768.895730173115,25.1197100810666,10636.9607984135,1.31546964738335,918.966395210295,10.1333867664011,8.03050863178554,2.55299423806385,27.332636615232,25.3395206625655,227.663519483929
"3C1",TRUE,9.88069345253936,43.4891978589629,3.37139762310394,128.847075668937,1.03665029682145,5.89133756802553,10.1425767517356,5237.50928579696,12.9026215547608,5349.40808918807,5211.61945330791,0.916236644323241,6.65187346857331,47.6266969716993,8.83198797269139,75.2385663535329,1.07789328421351,4.10394864608453,1.5284426531129,2.79351951837818,403.543494915055,567.466846081815,8.70280334402008,4.21626045111441,9.49563168045182,8.3876463287462,2.60071218027309,7.64775219523268,2.90068233248469,25.2952596393778,2.80888014730578,3.45208243915784,2.70589574219386,8.44801700200527,70.0966183229118,27.4099524975813,2.8596902013487,1.04257366268525,37.2828573014247,41.2300950063839,431.245046404811,6.4606602340729,1.0174263480914,9.26782189671954,1.27031111996163,79.8665503304245,12.2530905161846,717.003395411892,1.14381291177631,7.98926271424283,24.1706182924594,26.4403797165597,0.904759881810046,0.741756914801224,358.16205850721,5.73422292921548,255.173497438978,0.00824273666872077,2.6851177739414,757.88570411115,22.348354891204,11991.9014722675,1.22719759846975,1284.31162863826,10.1333867664011,8.03050863178554,2.55299423806385,27.332636615232,25.3395206625655,308.450873187987
"3D0",FALSE,9.88069345253936,15.0639837961403,3.37139762310394,67.0026775944091,1.03665029682145,4.68280002636806,10.1425767517356,4691.45083773888,7.78357097604233,5407.91152839999,3377.56800205584,0.916236644323241,3.21840110864777,47.6266969716993,8.83198797269139,75.2385663535329,0.959968576940654,2.8829113316815,1.10950837592947,2.79351951837818,447.767869886173,272.634777303118,8.70280334402008,4.21626045111441,9.0509205767525,8.3876463287462,2.60071218027309,7.64775219523268,2.90068233248469,25.2952596393778,2.80888014730578,3.45208243915784,2.70589574219386,8.44801700200527,70.0966183229118,27.4099524975813,2.8596902013487,1.04257366268525,7.5830536753853,21.355656400313,169.986812833567,6.4606602340729,1.0174263480914,9.26782189671954,1.15056729361269,79.8665503304245,4.91483131537108,290.019562356774,1.14381291177631,7.98926271424283,24.1706182924594,26.4403797165597,0.904759881810046,0.741756914801224,34.0919018537134,3.42417074060289,255.173497438978,0.00137818606738473,2.6851177739414,388.265293006486,22.348354891204,7734.32761611997,1.22719759846975,676.556952293277,10.1333867664011,8.03050863178554,2.55299423806385,27.332636615232,25.3395206625655,306.090655258342
"3D1",TRUE,9.88069345253936,28.543438900048,3.37139762310394,75.0560843618982,1.06906303422852,5.57114188534906,10.1425767517356,5049.51464089376,8.46734594238165,5727.14582051522,5211.61945330791,0.916236644323241,5.52504871434985,47.6266969716993,8.83198797269139,75.2385663535329,0.959968576940654,5.54576549037882,2.45609566019494,2.79351951837818,457.247230495678,649.561592238033,9.08832128789557,4.92568749960784,9.50871592067242,8.3876463287462,2.60071218027309,7.64775219523268,2.90068233248469,25.2952596393778,2.80888014730578,3.45208243915784,2.70589574219386,8.44801700200527,70.0966183229118,27.4099524975813,2.8596902013487,1.04257366268525,28.5280115375156,31.6939486389185,273.420497755079,6.4606602340729,1.0174263480914,21.3508448102945,1.37703324460752,136.737748364718,10.9247776104778,577.751991171644,1.14381291177631,7.98926271424283,24.1706182924594,30.2142846920055,0.904759881810046,0.741756914801224,174.597719197951,7.86804769435823,255.173497438978,0.0250982196036482,2.6851177739414,566.069268066163,23.9893086423903,10889.9153223681,1.75395228176214,823.943966665847,13.6712306759567,8.03050863178554,2.55299423806385,27.332636615232,25.3395206625655,172.019628455012
"3E0",FALSE,9.88069345253936,23.2634089976031,3.37139762310394,88.0225595971397,1.03665029682145,3.55042467109493,10.1425767517356,4780.43881852807,7.78357097604233,5564.38200232328,3699.23392136221,0.916236644323241,3.6060618627607,47.6266969716993,8.83198797269139,75.2385663535329,0.959968576940654,2.8829113316815,2.50217442267405,2.79351951837818,317.815539943475,272.634777303118,8.70280334402008,4.21626045111441,9.0509205767525,8.3876463287462,2.60071218027309,7.64775219523268,2.90068233248469,25.2952596393778,2.80888014730578,3.45208243915784,2.70589574219386,8.44801700200527,70.0966183229118,27.4099524975813,2.8596902013487,1.04257366268525,8.06712587494962,25.5893388385197,89.2233075918223,6.4606602340729,1.0174263480914,9.5398831624488,1.06445296773691,79.8665503304245,5.38688112790322,360.623600198277,1.14381291177631,7.98926271424283,24.1706182924594,26.4403797165597,0.904759881810046,0.741756914801224,40.1147940703083,3.42417074060289,255.173497438978,0.00137818606738473,2.6851177739414,678.081019949225,22.348354891204,10420.5017652556,1.22719759846975,777.844680667378,10.1333867664011,8.03050863178554,2.55299423806385,27.332636615232,25.3395206625655,206.048326431698
"3E1",TRUE,9.88069345253936,29.0544062911396,3.37139762310394,92.5479868536446,1.03665029682145,4.90898223421324,10.1425767517356,5281.22133007515,8.11875663196228,6581.56310902857,5211.61945330791,0.916236644323241,4.80950727001451,49.9030025498455,8.83198797269139,75.2385663535329,0.959968576940654,4.44941745651381,3.0939820788052,2.79351951837818,380.235834057973,272.634777303118,8.70280334402008,4.21626045111441,9.0509205767525,8.3876463287462,2.60071218027309,7.64775219523268,2.90068233248469,25.2952596393778,2.80888014730578,3.45208243915784,2.70589574219386,8.44801700200527,70.0966183229118,27.4099524975813,2.8596902013487,1.04257366268525,34.4805077064912,34.2296404353466,404.429432109429,6.4606602340729,1.0174263480914,9.26782189671954,1.06445296773691,110.282584856715,9.70770048290828,906.599245731594,1.14381291177631,7.98926271424283,24.1706182924594,26.8497517195316,0.904759881810046,0.741756914801224,265.01835526706,4.39710894267757,255.173497438978,0.00766828828906006,2.6851177739414,753.407648172073,22.348354891204,11730.8577498622,1.22719759846975,925.25981499301,10.9424957129152,8.03050863178554,2.55299423806385,27.332636615232,25.3395206625655,253.918569785225
"3F0",FALSE,9.88069345253936,33.6108956607709,3.37139762310394,144.796025897611,1.03665029682145,3.55042467109493,10.1425767517356,3841.61770798484,9.57643082394616,4054.61713825387,4131.47354077194,0.916236644323241,4.15340393973327,47.6266969716993,8.83198797269139,75.2385663535329,0.959968576940654,2.8829113316815,2.76257636164901,2.79351951837818,238.769244304168,272.634777303118,8.70280334402008,4.21626045111441,9.0509205767525,8.3876463287462,2.60071218027309,7.64775219523268,2.90068233248469,25.2952596393778,2.80888014730578,3.45208243915784,2.70589574219386,8.44801700200527,70.0966183229118,27.4099524975813,2.8596902013487,1.04257366268525,8.42710976030263,40.9071665428266,70.9722862746582,6.4606602340729,1.0174263480914,9.26782189671954,1.06445296773691,79.8665503304245,4.91483131537108,392.794866001704,1.14381291177631,7.98926271424283,24.1706182924594,26.4403797165597,0.904759881810046,0.741756914801224,44.7503989905302,3.59352397100262,255.173497438978,0.00137818606738473,2.6851177739414,1230.78534274669,22.348354891204,9585.93805012731,1.22719759846975,960.04688182077,10.1333867664011,8.03050863178554,2.55299423806385,27.332636615232,25.3395206625655,244.088780055874
"3F1",TRUE,9.88069345253936,49.2027324047054,3.37139762310394,136.973753652457,1.03665029682145,5.00630577767119,10.1425767517356,5136.22500876737,10.3648538714204,5038.97359833543,5211.61945330791,0.916236644323241,6.07456293375671,47.6266969716993,8.83198797269139,75.2385663535329,1.20030800759262,4.75432584570368,1.63346472210857,2.79351951837818,238.769244304168,272.634777303118,8.70280334402008,4.21626045111441,9.0509205767525,8.3876463287462,2.60071218027309,7.64775219523268,2.90068233248469,25.2952596393778,2.80888014730578,3.45208243915784,2.70589574219386,8.44801700200527,70.0966183229118,27.4099524975813,2.8596902013487,1.04257366268525,36.756968202095,45.5473192618861,581.590828577576,6.4606602340729,1.0174263480914,9.26782189671954,1.28191962961122,79.8665503304245,7.8189731734956,1158.01784781161,1.14381291177631,7.98926271424283,24.1706182924594,26.4403797165597,0.904759881810046,0.741756914801224,502.718473108469,4.66524484570946,255.173497438978,0.00137818606738473,2.6851177739414,1364.93924018132,22.348354891204,11991.9014722675,1.65730107478598,1161.38324724826,10.1333867664011,8.03050863178554,2.55299423806385,27.332636615232,25.3395206625655,351.631936246702
"3G0",FALSE,9.88069345253936,20.1280330889937,3.37139762310394,78.945003959828,1.03665029682145,4.40973012524344,10.1425767517356,4214.8231122967,7.78357097604233,4629.66763294533,3134.39986961392,0.916236644323241,4.13559231234453,47.6266969716993,8.83198797269139,75.2385663535329,0.959968576940654,2.8829113316815,3.25933914527722,2.79351951837818,262.644921096433,272.634777303118,8.70280334402008,4.21626045111441,9.0509205767525,8.3876463287462,2.60071218027309,7.64775219523268,2.90068233248469,25.2952596393778,2.80888014730578,3.45208243915784,2.70589574219386,8.44801700200527,70.0966183229118,27.4099524975813,2.8596902013487,1.04257366268525,6.16331571284905,28.3642131275927,38.1994027765001,6.4606602340729,1.0174263480914,9.26782189671954,1.06445296773691,79.8665503304245,5.22451418452723,151.26054708788,1.14381291177631,7.98926271424283,24.1706182924594,26.4403797165597,0.904759881810046,0.741756914801224,29.6304588018521,4.92633336904344,255.173497438978,0.00181427890171401,2.6851177739414,785.273008314992,22.348354891204,7438.95036564378,1.22719759846975,642.538424991947,10.1333867664011,8.03050863178554,2.55299423806385,27.332636615232,25.3395206625655,140.661458209079
"3G1",TRUE,9.88069345253936,24.9715361759599,3.37139762310394,91.6345271980159,1.03665029682145,4.53913226846835,10.1425767517356,4769.77523209568,10.0077866891225,5600.4381045395,5211.61945330791,0.916236644323241,4.72249656941448,47.6266969716993,8.83198797269139,75.2385663535329,0.959968576940654,3.36063941771398,2.43615112559249,2.79351951837818,398.164983754402,272.634777303118,8.70280334402008,4.21626045111441,9.0509205767525,8.3876463287462,2.60071218027309,7.64775219523268,2.90068233248469,25.2952596393778,2.80888014730578,3.45208243915784,2.70589574219386,8.44801700200527,70.0966183229118,27.4099524975813,2.8596902013487,1.04257366268525,18.5673186160802,34.0519051830296,297.795361062705,6.4606602340729,1.0174263480914,9.26782189671954,1.06445296773691,79.8665503304245,5.04918284907934,491.434845367181,1.14381291177631,7.98926271424283,24.1706182924594,26.4403797165597,0.904759881810046,0.741756914801224,253.090963237538,3.42417074060289,255.173497438978,0.00137818606738473,2.6851177739414,752.066284681767,22.348354891204,11093.3903745493,1.36386764896279,1046.86126796389,10.1333867664011,8.03050863178554,2.55299423806385,27.332636615232,25.3395206625655,236.806444354138
"3H0",FALSE,9.88069345253936,23.3119864299436,3.37139762310394,88.9123917943824,1.03665029682145,6.5200287707718,10.1425767517356,5014.81104473162,7.78357097604233,5154.26003096006,3472.26615362821,0.916236644323241,4.07620750224083,47.6266969716993,8.83198797269139,75.2385663535329,0.959968576940654,2.8829113316815,2.03096093218963,2.79351951837818,238.769244304168,272.634777303118,8.70280334402008,4.21626045111441,9.0509205767525,8.3876463287462,2.60071218027309,7.64775219523268,2.90068233248469,25.2952596393778,2.80888014730578,3.45208243915784,2.70589574219386,8.44801700200527,70.0966183229118,27.4099524975813,2.8596902013487,1.04257366268525,7.61619589127254,26.4023270617039,53.4552789773821,6.4606602340729,1.0174263480914,9.26782189671954,1.06445296773691,79.8665503304245,4.91483131537108,256.927480150469,1.14381291177631,7.98926271424283,24.1706182924594,26.4403797165597,0.904759881810046,0.741756914801224,28.3882380337019,3.42417074060289,255.173497438978,0.00398200860032258,2.6851177739414,629.93087051601,22.348354891204,9869.44927435374,1.22719759846975,675.682282144207,10.1333867664011,8.03050863178554,2.55299423806385,27.332636615232,25.3395206625655,180.627000187789
"3H1",TRUE,9.88069345253936,35.0266828915295,3.37139762310394,141.131711508385,1.03665029682145,6.55479346996497,10.1425767517356,5652.8568638768,10.0949265896763,6373.12081256723,5211.61945330791,0.916236644323241,5.54136945812676,47.6266969716993,8.83198797269139,75.2385663535329,1.18944558825242,4.47902920366873,2.59237609080273,2.79351951837818,467.178696315756,277.55841347869,8.70280334402008,4.21626045111441,9.0509205767525,8.3876463287462,2.60071218027309,7.64775219523268,2.90068233248469,25.2952596393778,2.80888014730578,3.45208243915784,2.70589574219386,8.44801700200527,70.0966183229118,27.4099524975813,2.8596902013487,1.04257366268525,23.6831308656283,44.641302279899,356.143815839399,6.4606602340729,1.0174263480914,15.8017408729833,1.24315067986763,79.8665503304245,7.93643211202757,649.406049353703,1.14381291177631,7.98926271424283,24.1706182924594,26.4403797165597,0.904759881810046,0.741756914801224,274.10198442541,5.21373594489387,255.173497438978,0.0138300148311574,2.6851177739414,1017.42531220728,22.348354891204,11991.9014722675,1.30897084677001,1118.85117738895,10.5815920795996,8.03050863178554,2.55299423806385,27.332636615232,25.3395206625655,335.736812370002
"3I0",FALSE,9.88069345253936,54.4717708254476,3.37139762310394,189.316817813444,1.03665029682145,5.55104727701671,10.1425767517356,5083.35405055105,14.1123553110333,5585.82096692367,4872.83973987638,0.916236644323241,8.17143287476146,168.082840340197,8.83198797269139,75.2385663535329,0.959968576940654,2.8829113316815,2.12060398571811,2.79351951837818,366.870042787295,306.218508256454,8.70280334402008,4.21626045111441,9.0509205767525,8.3876463287462,2.60071218027309,7.64775219523268,2.90068233248469,25.2952596393778,2.80888014730578,3.45208243915784,2.70589574219386,8.44801700200527,70.0966183229118,27.4099524975813,2.8596902013487,1.04257366268525,4.5991100706732,62.2658704512166,136.184725299448,6.4606602340729,1.0174263480914,9.26782189671954,1.06445296773691,79.8665503304245,7.19578350520783,477.899519748364,1.14381291177631,7.98926271424283,24.1706182924594,26.5258519943707,0.904759881810046,0.741756914801224,66.7103299326993,3.42417074060289,255.173497438978,0.00566716179663997,2.6851177739414,1557.14767298636,22.348354891204,9439.2453477964,1.56492094792449,1286.83608867806,10.3165083709794,8.03050863178554,2.55299423806385,27.332636615232,25.3395206625655,291.640407085017
"3I1",TRUE,9.88069345253936,73.6677131178878,3.37139762310394,230.553474862161,1.03665029682145,5.49508679421684,10.1425767517356,5113.18568382606,18.4099787618389,4728.77192450988,5211.61945330791,0.916236644323241,8.08907883996167,169.072064966795,8.83198797269139,75.2385663535329,2.32556327973739,8.90392892607346,1.70867354233677,2.79351951837818,287.324791614936,307.840382062286,8.70280334402008,4.21626045111441,9.0509205767525,8.3876463287462,2.60071218027309,7.64775219523268,2.90068233248469,25.2952596393778,2.80888014730578,3.45208243915784,2.70589574219386,8.44801700200527,70.0966183229118,27.4099524975813,2.8596902013487,1.04257366268525,19.6202511636644,61.7633216440502,879.218527045507,6.4606602340729,1.0174263480914,9.26782189671954,1.82741641078818,79.8665503304245,8.77605523058944,1827.86971625469,1.14381291177631,8.08521699038807,24.7268669379563,26.4403797165597,0.904759881810046,0.761037456836491,747.127592693841,3.42417074060289,255.173497438978,0.00323799391653325,2.6851177739414,1416.12350338678,22.348354891204,11783.9984837674,1.22719759846975,1578.33038498007,10.1333867664011,8.03050863178554,2.55299423806385,27.332636615232,25.3395206625655,386.934466646923
"3J0",FALSE,9.88069345253936,42.804623196569,3.37139762310394,126.165865149879,1.03665029682145,5.58834490197085,10.1425767517356,4343.73056376616,10.1673706725515,5099.98504038162,4715.34672239102,0.916236644323241,6.20624655242866,47.6266969716993,8.83198797269139,75.2385663535329,0.959968576940654,2.8829113316815,2.49490744138176,2.79351951837818,405.507343038697,432.857660610786,13.4051546226334,4.21626045111441,9.35782984420206,8.3876463287462,2.60071218027309,7.64775219523268,2.90068233248469,25.2952596393778,2.80888014730578,3.45208243915784,2.70589574219386,8.44801700200527,70.0966183229118,27.4099524975813,2.8596902013487,1.04257366268525,7.05556999245434,43.370029889526,78.7853972205936,6.4606602340729,1.0174263480914,11.6271745872723,1.14012626955651,80.7819224388599,9.86413166504392,341.047107660753,1.14381291177631,7.98926271424283,24.1706182924594,26.4403797165597,0.904759881810046,0.741756914801224,44.5195112563501,4.45475452628801,255.173497438978,0.0151630903362504,2.6851177739414,1243.84718251514,22.348354891204,9994.0490647945,1.22719759846975,983.434232936758,12.0325602108479,8.03050863178554,2.55299423806385,27.332636615232,25.3395206625655,256.781991222541
"3J1",TRUE,13.7722270760933,49.3490034887809,4.24768829533548,145.81218980053,1.03665029682145,5.40301807422783,10.1425767517356,4953.4875823388,14.2809484186586,5031.76833271846,5211.61945330791,0.916236644323241,8.90785560633905,75.662036482136,8.83198797269139,75.2385663535329,1.52444327481035,7.56940179946406,2.26280934944707,2.79351951837818,443.916143779929,534.71619559255,9.77088520786034,4.64768599162885,11.8574074903151,8.3876463287462,2.60071218027309,7.64775219523268,2.90068233248469,25.2952596393778,2.80888014730578,3.45208243915784,2.70589574219386,8.44801700200527,70.0966183229118,27.4099524975813,2.8596902013487,1.04257366268525,20.6879084639835,55.5482119935877,597.491587335652,6.4606602340729,1.0174263480914,21.5011350181591,1.65152605230851,109.269823249682,12.3285536240835,965.986572403114,1.14381291177631,7.98926271424283,25.0302002467436,26.7931931588175,0.904759881810046,0.741756914801224,397.435361170036,7.34953687749155,255.173497438978,0.0275678355002324,2.6851177739414,1210.5077660799,35.3064598289353,11947.7015803162,2.62774643154121,1274.66578485382,13.9487395807983,8.03050863178554,2.62424365319351,27.332636615232,25.3395206625655,300.080109393053
"3K0",FALSE,9.88069345253936,36.3545918401848,3.37139762310394,108.812105995973,1.03665029682145,4.71548339640185,10.1425767517356,4373.19887587598,8.64613887097081,5528.29046804669,3765.55757143904,0.916236644323241,5.88235817275928,47.6266969716993,8.83198797269139,75.2385663535329,0.959968576940654,2.8829113316815,1.69712240772007,2.79351951837818,238.769244304168,272.634777303118,8.70280334402008,4.21626045111441,9.0509205767525,8.3876463287462,2.60071218027309,7.64775219523268,2.90068233248469,25.2952596393778,2.80888014730578,3.45208243915784,2.70589574219386,8.44801700200527,70.0966183229118,27.4099524975813,2.8596902013487,1.04257366268525,8.17660259367285,33.7734904432402,68.279110406919,6.4606602340729,1.0174263480914,9.26782189671954,1.06445296773691,84.0409509062533,8.48139091058004,249.900932666397,1.14381291177631,7.98926271424283,24.1706182924594,26.4403797165597,0.904759881810046,0.741756914801224,27.6058791728751,4.49127263722705,255.173497438978,0.00213578295228723,2.6851177739414,892.246947887432,22.348354891204,9947.8705957498,1.22719759846975,901.687245038484,10.1333867664011,8.03050863178554,2.55299423806385,27.332636615232,25.3395206625655,237.287952932329
"3K1",TRUE,9.88069345253936,33.8765214024147,3.37139762310394,114.569533917931,1.03665029682145,5.33061423384228,10.1425767517356,5661.94722536576,10.0389806367947,5393.31126732183,5211.61945330791,0.916236644323241,5.04280132680039,47.6266969716993,8.83198797269139,75.2385663535329,0.959968576940654,3.07081630179674,1.90568449955488,2.79351951837818,288.279366861777,272.634777303118,8.70280334402008,4.21626045111441,9.0509205767525,8.3876463287462,2.60071218027309,7.64775219523268,2.90068233248469,25.2952596393778,2.80888014730578,3.45208243915784,2.70589574219386,8.44801700200527,70.0966183229118,27.4099524975813,2.8596902013487,1.04257366268525,24.4437434047969,39.0419508433466,371.570656527202,6.4606602340729,1.0174263480914,15.1651647833885,1.06445296773691,79.8665503304245,9.00625851281644,854.447329496543,1.14381291177631,7.98926271424283,24.1706182924594,26.4403797165597,0.904759881810046,0.741756914801224,262.833260355548,3.42417074060289,255.173497438978,0.0205279573285979,2.6851177739414,929.321307542541,22.348354891204,10779.8276138963,1.22719759846975,1041.57868504753,10.1333867664011,8.03050863178554,2.55299423806385,27.332636615232,25.3395206625655,260.565587349421
"3L0",FALSE,9.88069345253936,22.503378434161,3.37139762310394,86.784543160153,1.03665029682145,4.86691599618231,10.1425767517356,4511.10324338353,7.78357097604233,6516.20532501658,3177.29093454352,0.916236644323241,4.15479632550777,47.6266969716993,8.83198797269139,75.2385663535329,0.959968576940654,2.8829113316815,2.1542798598483,2.79351951837818,260.809092216276,272.634777303118,8.70280334402008,4.21626045111441,9.0509205767525,8.3876463287462,2.60071218027309,7.64775219523268,2.90068233248469,25.2952596393778,2.80888014730578,3.45208243915784,2.70589574219386,8.44801700200527,70.0966183229118,27.4099524975813,2.8596902013487,1.04257366268525,7.07698586396649,23.5585488665439,69.4939627903684,6.4606602340729,1.0174263480914,9.26782189671954,1.06445296773691,79.8665503304245,5.51213090062853,300.983127701695,1.14381291177631,7.98926271424283,24.1706182924594,26.4403797165597,0.904759881810046,0.741756914801224,32.8182818188209,3.42417074060289,255.173497438978,0.0037552484149431,2.6851177739414,610.561256192876,22.348354891204,9657.99834950585,1.22719759846975,818.865454799419,10.1333867664011,8.03050863178554,2.55299423806385,27.332636615232,25.3395206625655,170.666040099244
"3L1",TRUE,9.88069345253936,23.8963863510401,3.37139762310394,103.229067748573,1.03665029682145,3.55042467109493,10.1425767517356,5482.82305075873,7.78357097604233,5698.43730776305,5069.57898284974,0.916236644323241,3.21840110864777,47.6266969716993,8.83198797269139,75.2385663535329,0.959968576940654,3.67314882265653,2.74004871464074,2.79351951837818,238.769244304168,272.634777303118,8.70280334402008,4.21626045111441,9.0509205767525,8.3876463287462,2.60071218027309,7.64775219523268,2.90068233248469,25.2952596393778,2.80888014730578,3.45208243915784,2.70589574219386,8.44801700200527,70.0966183229118,27.4099524975813,2.8596902013487,1.04257366268525,24.8940080689779,28.556767127101,330.376425427508,6.4606602340729,1.0174263480914,9.26782189671954,1.06445296773691,79.8665503304245,4.91483131537108,795.671370812902,1.14381291177631,7.98926271424283,24.1706182924594,26.4403797165597,0.904759881810046,0.741756914801224,225.232307353793,3.42417074060289,255.173497438978,0.00291257838766663,2.6851177739414,522.094332576726,22.348354891204,11335.9618163183,1.22719759846975,1039.35550278109,10.1333867664011,8.03050863178554,2.55299423806385,27.332636615232,25.3395206625655,168.284758692417
"4A0",FALSE,910.011569051193,487.385712923375,3.37139762310394,320.457927360556,1.03665029682145,6.86265136536612,10.1425767517356,5431.1331907943,52.2946687072657,3148.2270870474,5211.61945330791,0.916236644323241,50.7840555835662,887.351485857239,8.83198797269139,75.2385663535329,1.78392778223125,2.8829113316815,2.54925359057544,2.79351951837818,545.834022761617,305.225940895829,8.70280334402008,4.21626045111441,12.8359552494947,8.3876463287462,2.60071218027309,7.64775219523268,2.90068233248469,1739.66414941676,2.80888014730578,3.45208243915784,2.70589574219386,8.44801700200527,70.0966183229118,27.4099524975813,2.8596902013487,1.04257366268525,11.8347777388214,76.1717124067709,636.272966430088,6.4606602340729,1.0174263480914,11.1708710353805,1.1665192826789,79.8665503304245,7.87352013625385,1098.56894419061,1.14381291177631,7.98926271424283,24.1706182924594,26.4403797165597,0.904759881810046,0.741756914801224,400.610238703611,4.8442417323476,255.173497438978,0.0131830373037232,2.6851177739414,1110.47555726272,22.348354891204,10042.1252499299,2.59434661544177,2042.90028910983,10.1333867664011,8.03050863178554,2.55299423806385,27.332636615232,25.3395206625655,651.850657496295
"4A1",TRUE,627.702682189561,694.126110091675,3.37139762310394,298.713087493678,1.03665029682145,5.73749803352209,10.1425767517356,5793.31670544928,32.2162806591692,4232.64118776169,5211.61945330791,0.916236644323241,48.9860910200455,1037.28030498137,8.83198797269139,75.2385663535329,3.46991301191719,50.1775935216995,2.1867690009404,2.79351951837818,329.928816680939,272.634777303118,8.70280334402008,4.21626045111441,14.0006764069477,8.3876463287462,2.60071218027309,7.64775219523268,3.44302587940495,739.233220738562,2.80888014730578,3.45208243915784,2.70589574219386,8.44801700200527,70.0966183229118,27.4099524975813,2.8596902013487,1.04257366268525,107.91205473867,65.705522875927,879.218527045507,6.4606602340729,1.0174263480914,9.26782189671954,7.16830900992684,79.8665503304245,12.2978234950724,2236.73588676622,1.14381291177631,97.5268298126191,24.1706182924594,26.4403797165597,0.904759881810046,5.11350907404813,1041.13276582142,7.55802189830061,255.173497438978,0.00693203682753988,2.6851177739414,1346.43856877298,22.348354891204,11991.9014722675,1.61720181290168,2199.00882829435,10.1333867664011,8.03050863178554,5.83677651981217,27.332636615232,25.3395206625655,587.50825820617
"4B0",FALSE,34.1530235847221,204.090555470843,3.37139762310394,132.194757814171,1.03665029682145,4.19140758411876,10.1425767517356,218.923256686179,16.1252898111206,4466.55181126375,5211.61945330791,0.916236644323241,16.3906424477419,344.630410118016,8.83198797269139,75.2385663535329,1.06969700212939,2.8829113316815,1.97975239499168,2.79351951837818,238.769244304168,272.634777303118,8.70280334402008,4.21626045111441,9.0509205767525,8.3876463287462,2.60071218027309,7.64775219523268,2.90068233248469,55.4338333126182,2.80888014730578,3.45208243915784,2.70589574219386,8.44801700200527,70.0966183229118,27.4099524975813,2.8596902013487,1.04257366268525,6.3384950783449,53.8503446241367,255.012245433897,6.4606602340729,1.0174263480914,9.48785780699643,1.06445296773691,79.8665503304245,4.91483131537108,628.037767033806,1.14381291177631,7.98926271424283,24.1706182924594,26.4403797165597,0.904759881810046,0.741756914801224,184.356510219956,3.42417074060289,255.173497438978,0.00862243653944307,2.6851177739414,507.986789576756,22.348354891204,9323.48203358494,1.22719759846975,1418.66184507332,10.1333867664011,8.03050863178554,2.55299423806385,27.332636615232,25.3395206625655,285.85816750098
"4B1",TRUE,316.343304523515,342.280354153275,3.37139762310394,164.273509184654,1.03665029682145,5.24568330466776,10.1425767517356,4191.64972030969,27.6997798693158,4835.23117645809,5211.61945330791,0.916236644323241,26.7751881486145,386.91428205611,8.83198797269139,75.2385663535329,3.18067786731008,36.1257980187834,2.61447128795913,2.79351951837818,337.667140049848,272.634777303118,8.70280334402008,4.21626045111441,9.0509205767525,8.3876463287462,2.60071218027309,7.64775219523268,2.90068233248469,526.645789483214,2.80888014730578,3.45208243915784,2.70589574219386,8.44801700200527,70.0966183229118,27.4099524975813,2.8596902013487,1.04257366268525,83.6780632043689,76.0282031196205,879.218527045507,6.4606602340729,1.0174263480914,11.9203458092164,3.37298059433502,79.8665503304245,6.42229817220104,2105.44161859306,1.14381291177631,41.8524768818638,24.1706182924594,26.4403797165597,0.904759881810046,1.71092658368435,1041.13276582142,3.55460954106806,255.173497438978,0.0144973772245051,2.6851177739414,1170.07741768849,22.348354891204,11991.9014722675,1.22719759846975,2080.79206438319,12.0686058861641,8.03050863178554,2.60366307153983,27.332636615232,25.3395206625655,397.376001556647
"4C0",FALSE,69.2651133644774,115.830489801193,3.37139762310394,97.9943016548314,1.03665029682145,4.5384558635839,10.1425767517356,4613.36949109889,10.934879417169,5951.81629683686,5211.61945330791,0.916236644323241,13.6243027944716,115.250319168336,8.83198797269139,75.2385663535329,0.995149400380486,2.8829113316815,2.30012281281319,2.79351951837818,429.41783915109,294.575620709627,8.70280334402008,4.21626045111441,9.0509205767525,8.3876463287462,2.60071218027309,7.64775219523268,2.90068233248469,140.455820854002,2.80888014730578,3.45208243915784,2.70589574219386,8.44801700200527,70.0966183229118,27.4099524975813,2.8596902013487,1.04257366268525,5.00138861992645,55.6258632712687,151.450336295611,6.4606602340729,1.0174263480914,9.26782189671954,1.06445296773691,79.8665503304245,4.91483131537108,437.371478368975,1.14381291177631,7.98926271424283,24.1706182924594,26.4403797165597,0.904759881810046,0.741756914801224,110.555677118866,3.42417074060289,255.173497438978,0.00888487101831944,2.6851177739414,805.105469392759,22.348354891204,9028.50126409653,1.22719759846975,1138.74480323689,10.1333867664011,8.03050863178554,2.55299423806385,27.332636615232,25.3395206625655,253.854422892479
"4C1",TRUE,60.8853323311868,231.468622348448,3.37139762310394,133.554324212007,1.03665029682145,5.74947692680355,10.1425767517356,5360.53571881844,11.7870395724673,5513.37403846038,5211.61945330791,0.916236644323241,15.7749701255887,223.549597725133,8.83198797269139,75.2385663535329,2.95156177565589,18.9582197067385,1.63624956514411,2.79351951837818,539.040521057877,439.689526878659,8.70280334402008,4.21626045111441,9.48877793818736,8.3876463287462,2.60071218027309,7.64775219523268,2.90068233248469,133.784127432301,2.80888014730578,3.45208243915784,2.70589574219386,8.44801700200527,70.0966183229118,27.4099524975813,2.8596902013487,1.04257366268525,60.4785466652939,77.365263244854,879.218527045507,6.4606602340729,1.0174263480914,9.26782189671954,3.11600451582926,112.73118430908,11.2861199684781,2033.49947809172,1.14381291177631,19.7036602694136,24.1706182924594,26.5413983312776,0.904759881810046,1.52900044359831,1039.80164851859,3.4965024828102,255.173497438978,0.0345597084000818,2.6851177739414,1104.38101470694,22.348354891204,11991.9014722675,2.7461520773725,1767.6665385718,10.1333867664011,8.03050863178554,4.10271319114979,27.332636615232,25.3395206625655,460.003619961183
"4D0",FALSE,14.9592352277307,49.794255781878,3.37139762310394,88.2954572359729,1.03665029682145,4.99348960913161,10.1425767517356,3627.59391592931,7.78357097604233,6081.74859682551,5211.61945330791,0.916236644323241,9.25355707677015,47.6266969716993,8.83198797269139,75.2385663535329,0.959968576940654,2.8829113316815,1.00521419818527,2.79351951837818,324.652577224839,272.634777303118,8.70280334402008,4.21626045111441,9.0509205767525,8.3876463287462,2.60071218027309,7.64775219523268,2.90068233248469,42.9903029506208,2.80888014730578,3.45208243915784,2.70589574219386,8.44801700200527,70.0966183229118,27.4099524975813,2.8596902013487,1.04257366268525,8.3063424944284,37.5166088269886,126.401347316954,6.4606602340729,1.0174263480914,9.26782189671954,1.06445296773691,79.8665503304245,8.03295051576761,512.546124705587,1.14381291177631,7.98926271424283,24.1706182924594,26.4403797165597,0.904759881810046,0.741756914801224,93.3664132944793,3.42417074060289,255.173497438978,0.00297315540036985,2.6851177739414,496.656820018472,22.348354891204,6856.75036058451,1.36404974713558,925.367522697803,10.1333867664011,8.03050863178554,2.55299423806385,27.332636615232,25.3395206625655,234.17494171228
"4D1",TRUE,177.20686672779,106.327950532498,3.37139762310394,96.8943080407589,1.03665029682145,4.27187323960748,10.1425767517356,5310.09351248874,27.3078990764112,4710.6559250126,5211.61945330791,0.916236644323241,20.5506502699928,143.814684777919,8.83198797269139,75.2385663535329,1.40176632924459,10.9626971463428,1.64814891512239,2.79351951837818,427.411735167835,274.75325404591,8.70280334402008,4.21626045111441,9.0509205767525,8.3876463287462,2.60071218027309,7.64775219523268,2.90068233248469,650.617790287066,2.80888014730578,3.45208243915784,2.70589574219386,8.44801700200527,70.0966183229118,27.4099524975813,2.8596902013487,1.04257366268525,43.0370995755902,49.7674860768814,810.725819815542,6.4606602340729,1.0174263480914,9.26782189671954,3.08390606672405,79.8665503304245,7.5452646124897,1559.76311435132,1.14381291177631,24.9718673093191,24.1706182924594,26.4403797165597,0.904759881810046,1.16040307492139,864.396626125096,3.65900757132107,255.173497438978,0.00137818606738473,2.6851177739414,561.023092107266,22.348354891204,11991.9014722675,1.45194600097777,1179.70266355131,10.1333867664011,8.03050863178554,2.55299423806385,27.332636615232,25.3395206625655,210.972302808502
"4E0",FALSE,69.4839496232215,328.091332498651,3.37139762310394,319.252711600676,1.03665029682145,5.35703681226436,10.1425767517356,5199.34582818812,28.909528870386,4255.6155808507,5211.61945330791,0.916236644323241,32.664089782705,762.364598747523,8.83198797269139,75.2385663535329,1.76787771655668,2.8829113316815,1.25587538391013,2.79351951837818,23706.3294313958,449.780710572896,8.70280334402008,4.21626045111441,9.0509205767525,8.3876463287462,2.60071218027309,7.64775219523268,2.90068233248469,1039.10492080305,8.3209025328121,3.45208243915784,2.70589574219386,8.44801700200527,70.0966183229118,27.4099524975813,2.8596902013487,1.04257366268525,14.8091394690682,93.6254924726466,516.809939491015,6.4606602340729,1.0174263480914,9.26782189671954,2.19907941418338,79.8665503304245,8.15468562562407,1004.86659058277,1.14381291177631,10.7686376644236,142.319664036905,26.4403797165597,0.904759881810046,0.741756914801224,433.014034586035,3.42417074060289,255.173497438978,0.00228547178102597,2.6851177739414,1227.79511846367,22.348354891204,8039.26325594054,2.18055491179751,1712.11346060051,10.1333867664011,8.03050863178554,2.55299423806385,27.332636615232,25.3395206625655,678.629995104642
"4E1",TRUE,1196.80776084065,226.391427349146,3.37139762310394,271.600523743626,1.03665029682145,5.44951447208133,10.1425767517356,6037.87514205133,58.4614182183244,3443.00555575952,5211.61945330791,0.916236644323241,74.9267396307137,682.978293308958,8.83198797269139,75.2385663535329,2.04581282841964,29.4434316669117,1.55114670226195,2.79351951837818,238.769244304168,272.634777303118,8.70280334402008,4.21626045111441,14.412068745485,8.3876463287462,2.60071218027309,7.64775219523268,2.90068233248469,2747.99856452596,2.80888014730578,3.45208243915784,2.70589574219386,8.44801700200527,70.0966183229118,27.4099524975813,2.8596902013487,1.04257366268525,91.7753731978628,72.9552045841311,879.218527045507,6.4606602340729,1.0174263480914,9.26782189671954,5.10407597508321,80.3524941503146,8.71911607543537,2236.73588676622,1.14381291177631,25.8034974796866,24.1706182924594,26.4403797165597,0.904759881810046,2.06823066792028,1041.13276582142,3.42417074060289,255.173497438978,0.00298475812298205,2.6851177739414,742.75985960168,22.348354891204,11991.9014722675,3.01706865554055,1883.30581637089,10.1333867664011,8.03050863178554,2.55299423806385,27.332636615232,25.3395206625655,532.78207528661
"4F0",FALSE,152.00022322371,482.127245485244,3.37139762310394,334.990357389915,1.10749731747411,7.99870421739717,10.1425767517356,6260.18874828028,26.1025795572935,4822.03225363912,5211.61945330791,0.916236644323241,38.3259626676024,724.893272154815,8.83198797269139,75.2385663535329,2.61185088952967,4.28902129682608,1.62497727297223,2.79351951837818,562.230601737901,817.502369156602,9.48224937698881,4.21626045111441,20.9923357893588,8.3876463287462,2.60071218027309,7.64775219523268,2.9365900821537,659.209677745602,2.80888014730578,3.45208243915784,2.70589574219386,8.44801700200527,70.0966183229118,37.7949121282153,2.8596902013487,1.04257366268525,19.3860722609052,137.504683894846,647.944206744469,6.4606602340729,1.0174263480914,17.8134597458983,1.39439260368193,127.499822512071,17.800952754835,874.530727000012,1.14381291177631,7.98926271424283,24.711039799027,33.3127951412476,0.904759881810046,0.741756914801224,407.852267752206,5.1742499080087,255.173497438978,0.0332357414609598,2.6851177739414,1821.46146322131,35.7203725592016,11540.6574070307,3.02640792116814,2199.00882829435,12.894286481539,8.10635137679289,2.55299423806385,27.332636615232,25.3395206625655,1020.7308146047
"4F1",TRUE,651.828457560073,599.172718451311,3.37139762310394,303.695693104235,1.03665029682145,5.6239750713512,10.1425767517356,5605.95153901922,52.0894805730658,3140.6033106311,5211.61945330791,0.916236644323241,46.5730891136629,782.934617530116,8.83198797269139,75.2385663535329,2.41145651625835,32.2703566364645,2.25615677826994,2.79351951837818,382.76131655562,322.563794776886,8.70280334402008,4.21626045111441,20.4121401696443,8.3876463287462,2.60071218027309,7.64775219523268,3.06406551975864,1528.8104207573,2.80888014730578,3.45208243915784,2.70589574219386,8.44801700200527,70.0966183229118,27.4099524975813,2.8596902013487,1.04257366268525,116.771082704445,70.4983198235176,879.218527045507,6.4606602340729,1.0174263480914,9.26782189671954,3.57575989111594,79.8665503304245,11.7519142723149,2197.4635449841,1.14381291177631,46.0076370771776,24.1706182924594,26.4403797165597,0.904759881810046,1.75757259595213,1041.13276582142,3.60204635171003,255.173497438978,0.0063128322808324,2.6851177739414,1072.73889946943,22.348354891204,11991.9014722675,1.68624510243206,2155.35970553385,10.1333867664011,8.03050863178554,2.7376104193615,27.332636615232,25.3395206625655,616.497843186867
"4G0",FALSE,162.874458611808,106.823860940096,3.37139762310394,120.325502459083,1.03665029682145,5.52813725528463,10.1425767517356,4851.29873186143,19.9109637985147,5133.73445194971,5211.61945330791,0.916236644323241,20.4160446266376,130.909754238423,8.83198797269139,75.2385663535329,1.32381764266378,2.8829113316815,1.67800454765769,2.79351951837818,459.117025268012,272.634777303118,8.70280334402008,4.21626045111441,9.79301236798765,8.3876463287462,2.60071218027309,7.64775219523268,2.90068233248469,571.51523343446,2.80888014730578,3.45208243915784,2.70589574219386,8.44801700200527,70.0966183229118,27.4099524975813,2.8596902013487,1.04257366268525,17.4979391858443,61.0632924834801,317.660954243582,6.4606602340729,1.0174263480914,9.26782189671954,1.06445296773691,95.7097461602033,6.13353144278286,545.849511141653,1.14381291177631,7.98926271424283,24.1706182924594,26.4403797165597,0.904759881810046,0.741756914801224,254.49862101178,3.42417074060289,255.173497438978,0.0059149539881423,2.6851177739414,701.463583722188,22.348354891204,11991.9014722675,1.61200260576468,1446.42352466045,10.2944813950027,8.03050863178554,2.55299423806385,27.332636615232,25.3395206625655,286.365294284094
"4G1",TRUE,262.067135762051,130.558250814866,3.37139762310394,109.847099453404,1.03665029682145,3.90513380116621,10.1425767517356,4102.96090199101,27.2811525308712,4340.4540766794,5211.61945330791,0.916236644323241,30.703825905915,118.065077362294,8.83198797269139,75.2385663535329,1.96339595409748,12.6428546198112,1.71836944332132,2.79351951837818,278.77604881451,272.634777303118,8.70280334402008,4.21626045111441,9.0509205767525,8.3876463287462,2.60071218027309,7.64775219523268,2.90068233248469,945.072016084476,2.80888014730578,3.45208243915784,2.70589574219386,8.44801700200527,70.0966183229118,27.4099524975813,2.8596902013487,1.04257366268525,47.8755240882799,50.9889321461187,849.932664525666,6.4606602340729,1.0174263480914,14.175400628957,2.47215967796198,79.8665503304245,4.91483131537108,1419.85514144787,1.14381291177631,33.2367738036221,24.1706182924594,26.4403797165597,0.904759881810046,1.04159103450181,911.218736383372,3.42417074060289,255.173497438978,0.00574641049538619,2.6851177739414,600.043097278356,22.348354891204,11991.9014722675,1.22719759846975,1531.83983385456,10.1333867664011,8.03050863178554,2.74772010870095,27.332636615232,25.3395206625655,285.922350103073
"4H0",FALSE,382.737161824612,54.3461911249631,3.37139762310394,87.762807836215,1.03665029682145,3.84465067015242,10.1425767517356,4611.99469400188,20.9657747185548,5089.95840422491,5211.61945330791,0.916236644323241,20.144470803225,47.6266969716993,8.83198797269139,75.2385663535329,0.959968576940654,2.8829113316815,2.15966965891345,2.79351951837818,266.421475421309,272.634777303118,8.70280334402008,4.21626045111441,9.0509205767525,8.3876463287462,2.60071218027309,7.64775219523268,2.90068233248469,939.644858414271,2.80888014730578,3.45208243915784,2.70589574219386,8.44801700200527,70.0966183229118,27.4099524975813,2.8596902013487,1.04257366268525,14.2808860253934,38.2009250895957,164.097360678508,6.4606602340729,1.0174263480914,9.26782189671954,1.06445296773691,79.8665503304245,4.91483131537108,350.494708956234,1.14381291177631,7.98926271424283,24.1706182924594,26.4403797165597,0.904759881810046,0.741756914801224,146.323034574917,3.42417074060289,255.173497438978,0.00137818606738473,2.6851177739414,420.137247385588,22.348354891204,11123.5845792696,1.22719759846975,1072.73510688813,10.1333867664011,8.03050863178554,2.55299423806385,27.332636615232,25.3395206625655,168.175190789501
"4H1",TRUE,205.878747599221,72.2530486789657,3.37139762310394,113.09558874467,1.03665029682145,6.00300390213176,10.1425767517356,5271.7497178856,19.2617469026692,5283.34325784569,5211.61945330791,0.916236644323241,21.7692451306359,61.3177291390579,8.83198797269139,75.2385663535329,1.63510721057437,7.39308795713298,1.73470587562179,2.79351951837818,583.641207821245,274.927404269858,8.76703762027753,4.21626045111441,9.0509205767525,8.3876463287462,2.60071218027309,7.64775219523268,2.90068233248469,895.852447424441,2.80888014730578,3.45208243915784,2.70589574219386,8.44801700200527,70.0966183229118,27.4099524975813,2.8596902013487,1.04257366268525,58.2461608215748,49.0051534521335,814.579224773738,6.4606602340729,1.0174263480914,9.26782189671954,1.93293455886285,79.8665503304245,8.07920119316448,1207.85242320665,1.14381291177631,8.87840295443884,24.1706182924594,26.5227425108233,0.904759881810046,0.741756914801224,590.754435758263,3.42417074060289,255.173497438978,0.00528255651677129,2.6851177739414,545.82045140299,22.348354891204,11991.9014722675,1.22719759846975,1339.17902027484,10.1333867664011,8.03050863178554,2.55299423806385,27.332636615232,25.3395206625655,258.339510016945
"4I0",FALSE,208.708642304895,80.796584994902,3.37139762310394,138.288654723436,1.03665029682145,5.61675665851827,10.1425767517356,4811.67995054368,18.2480666438137,4768.77851372263,5211.61945330791,0.916236644323241,23.8578250647902,104.702404619157,8.83198797269139,75.2385663535329,1.0501697481579,2.8829113316815,2.21340020626576,2.79351951837818,323.77542866492,272.634777303118,8.70280334402008,4.21963130428991,9.0509205767525,8.3876463287462,2.60071218027309,7.64775219523268,2.90068233248469,216.863146957332,2.80888014730578,3.45208243915784,2.70589574219386,8.44801700200527,70.0966183229118,27.4099524975813,2.8596902013487,1.04257366268525,29.8447539243322,41.5630964344186,244.251864555476,6.4606602340729,1.0174263480914,9.26782189671954,1.06445296773691,79.8665503304245,6.71580675799024,580.443212175669,1.14381291177631,7.98926271424283,24.1706182924594,26.4403797165597,0.904759881810046,0.741756914801224,281.442991429408,3.42417074060289,255.173497438978,0.0028319948399841,2.6851177739414,697.677755455426,22.348354891204,10330.6771380311,1.22719759846975,1464.7763257895,10.1333867664011,8.03050863178554,2.55299423806385,27.332636615232,25.3395206625655,260.086336398733
"4I1",TRUE,314.131041400587,77.2412722139021,3.37139762310394,136.314288159375,1.03665029682145,6.38376319285158,10.1425767517356,4938.82584433862,22.9885352251098,4375.61757205751,5211.61945330791,0.916236644323241,31.0737656974195,90.3840460286939,8.83198797269139,75.2385663535329,1.59323871198904,9.73858081690481,1.34058417995699,2.79351951837818,484.258023268287,272.634777303118,8.70280334402008,4.21626045111441,9.0509205767525,8.3876463287462,2.60071218027309,7.64775219523268,2.90068233248469,1119.56552436439,2.80888014730578,3.45208243915784,2.70589574219386,8.44801700200527,70.0966183229118,27.4099524975813,2.8596902013487,1.04257366268525,64.5824816723615,44.4747992263808,798.319547228321,6.4606602340729,1.0174263480914,9.26782189671954,2.37722283369283,79.8665503304245,5.95907542246567,1252.17864141806,1.14381291177631,14.2725860563007,24.1706182924594,26.4403797165597,0.904759881810046,0.775720217042041,766.044853823372,3.42417074060289,255.173497438978,0.012290403834976,2.6851177739414,522.222855490497,22.348354891204,11991.9014722675,1.2886105360137,1391.8168385613,15.9130710863166,8.03050863178554,2.55299423806385,27.332636615232,25.3395206625655,273.669288104879
"4J0",FALSE,25.6429172855538,58.2647954491806,3.37139762310394,102.922850199824,1.03665029682145,4.97042013681737,10.1425767517356,5426.42570667573,7.78357097604233,6801.99013161753,5211.61945330791,0.916236644323241,8.27515823162571,47.6266969716993,8.83198797269139,75.2385663535329,1.18004171242671,2.8829113316815,2.13634748358374,2.79351951837818,395.608049457434,272.634777303118,8.70280334402008,4.21626045111441,9.0509205767525,8.3876463287462,2.60071218027309,7.64775219523268,2.90068233248469,76.3463302720301,2.80888014730578,3.45208243915784,2.70589574219386,8.44801700200527,70.0966183229118,27.4099524975813,2.8596902013487,1.04257366268525,11.2784252684819,56.8968877206211,137.168422816936,6.4606602340729,1.0174263480914,9.26782189671954,1.06445296773691,79.8665503304245,7.17895085971004,384.589854191623,1.14381291177631,7.98926271424283,24.1706182924594,26.4403797165597,0.904759881810046,0.741756914801224,141.401059178317,3.42417074060289,255.173497438978,0.00137818606738473,2.6851177739414,721.277709615561,22.348354891204,11991.9014722675,1.22719759846975,1172.03698181986,10.1333867664011,8.03050863178554,2.55299423806385,27.332636615232,25.3395206625655,245.479920201074
"4J1",TRUE,60.0245216839946,41.7700485920451,3.37139762310394,71.258080750336,1.03665029682145,3.55042467109493,10.1425767517356,218.923256686179,14.7266133908113,3965.25044629112,5211.61945330791,0.916236644323241,17.5312725406284,47.6266969716993,8.83198797269139,75.2385663535329,1.19704938698654,4.13177065656615,2.12685322554741,2.79351951837818,238.769244304168,272.634777303118,8.70280334402008,4.21626045111441,9.0509205767525,8.3876463287462,2.60071218027309,7.64775219523268,2.90068233248469,127.120764418938,2.80888014730578,3.45208243915784,2.70589574219386,8.44801700200527,70.0966183229118,27.4099524975813,2.8596902013487,1.04257366268525,24.8157647732856,36.7067699871375,411.975082059165,6.4606602340729,1.0174263480914,9.26782189671954,1.36120144973198,79.8665503304245,4.91483131537108,740.638440847501,1.14381291177631,7.98926271424283,24.1706182924594,26.4403797165597,0.904759881810046,0.741756914801224,367.9517622568,3.42417074060289,255.173497438978,0.00187862223339113,2.6851177739414,269.197407448563,22.348354891204,11964.3963088286,1.22719759846975,855.251940183311,11.8709494383244,8.03050863178554,2.55299423806385,27.332636615232,25.3395206625655,169.890789578745
"4K0",FALSE,73.970920141917,29.5769204267365,3.37139762310394,53.5909919876361,1.03665029682145,3.55042467109493,10.1425767517356,4313.88267261491,8.09290083259675,4754.26814617902,5211.61945330791,0.916236644323241,9.26390234128665,47.6266969716993,8.83198797269139,75.2385663535329,0.959968576940654,2.8829113316815,2.49862225580024,2.79351951837818,238.769244304168,272.634777303118,8.70280334402008,4.21626045111441,9.0509205767525,8.3876463287462,2.60071218027309,7.64775219523268,2.90068233248469,306.153923417307,2.80888014730578,3.45208243915784,2.70589574219386,8.44801700200527,70.0966183229118,27.4099524975813,2.8596902013487,1.04257366268525,11.945367016347,33.4156222714998,115.911925608471,6.4606602340729,1.0174263480914,9.26782189671954,1.06445296773691,79.8665503304245,4.91483131537108,227.936037854933,1.14381291177631,7.98926271424283,24.1706182924594,26.4403797165597,0.904759881810046,0.741756914801224,92.3172590884535,3.42417074060289,255.173497438978,0.00137818606738473,2.6851177739414,269.634020374936,22.348354891204,9487.17284548487,1.22719759846975,740.526484743798,10.1333867664011,8.03050863178554,2.55299423806385,27.332636615232,25.3395206625655,145.419992259676
"4K1",TRUE,124.481405119012,33.701295399822,3.37139762310394,49.1692945481466,1.03665029682145,3.55042467109493,10.1425767517356,4848.77715459907,11.0243753029191,5658.39498998109,5211.61945330791,0.916236644323241,13.0256736831629,47.6266969716993,8.83198797269139,75.2385663535329,0.959968576940654,2.8829113316815,3.22462233792748,2.79351951837818,399.6630479816,272.634777303118,8.70280334402008,4.21626045111441,9.0509205767525,8.3876463287462,2.60071218027309,7.64775219523268,2.90068233248469,484.174614629706,2.80888014730578,3.45208243915784,2.70589574219386,8.44801700200527,70.0966183229118,27.4099524975813,2.8596902013487,1.04257366268525,31.141543332638,24.7260128275397,292.862215677717,6.4606602340729,1.0174263480914,9.26782189671954,1.34800994789363,79.8665503304245,8.41899565472646,363.950905441187,1.14381291177631,7.98926271424283,24.1706182924594,26.4403797165597,0.904759881810046,0.741756914801224,246.004756348221,3.47801721892683,255.173497438978,0.00137818606738473,2.6851177739414,300.857948996184,22.348354891204,9088.9187771697,1.22719759846975,663.683787574533,10.1333867664011,8.03050863178554,2.55299423806385,27.332636615232,25.3395206625655,107.419831584826
"4L0",FALSE,15.7100934046908,126.443356942121,3.37139762310394,170.376706010386,1.03665029682145,5.0181622418425,10.1425767517356,5881.62019613092,7.8854148807575,7098.44619799792,5211.61945330791,0.916236644323241,10.1485633131721,110.615465669122,8.83198797269139,75.2385663535329,1.40602784069454,2.8829113316815,1.75900720260308,2.79351951837818,459.473659095554,272.634777303118,8.70280334402008,4.21626045111441,9.0509205767525,8.3876463287462,2.60071218027309,7.64775219523268,2.90068233248469,25.2952596393778,2.80888014730578,3.45208243915784,2.70589574219386,8.44801700200527,70.0966183229118,27.4099524975813,2.8596902013487,1.04257366268525,16.3824065312647,74.1497685614059,178.944200394021,6.4606602340729,1.0174263480914,9.58321589970163,1.27783112190238,79.8665503304245,8.1804997232008,843.585710513681,1.14381291177631,7.98926271424283,24.1706182924594,26.4403797165597,0.904759881810046,0.741756914801224,174.947436985057,3.42417074060289,255.173497438978,0.00137818606738473,2.6851177739414,1162.9551665906,22.348354891204,11991.9014722675,1.22719759846975,1295.60748077759,10.1333867664011,8.03050863178554,2.55299423806385,27.332636615232,25.3395206625655,383.313469594771
"4L1",TRUE,9.88069345253936,120.693677486881,3.37139762310394,173.29610863697,1.03665029682145,4.5393227090879,10.1425767517356,5913.51750182737,7.8702539674028,6281.30344414531,5211.61945330791,0.916236644323241,6.51706803754749,96.3694503315945,8.83198797269139,75.2385663535329,2.44605969216778,11.6340935281225,1.36213138726538,2.79351951837818,354.373063342422,272.634777303118,8.70280334402008,4.21626045111441,9.0509205767525,8.3876463287462,2.60071218027309,7.64775219523268,2.90068233248469,25.2952596393778,2.80888014730578,3.45208243915784,2.70589574219386,8.44801700200527,70.0966183229118,27.4099524975813,2.8596902013487,1.04257366268525,60.353705918928,63.3514577868655,809.084972402933,6.4606602340729,1.0174263480914,9.26782189671954,2.83503712503479,79.8665503304245,10.9599034488027,1666.2165513901,1.14381291177631,8.12523776750346,24.1706182924594,26.4403797165597,0.904759881810046,0.741756914801224,843.68682274688,6.77895875704906,255.173497438978,0.00390839889196646,2.6851177739414,869.673565775279,22.348354891204,11991.9014722675,1.22719759846975,1611.39856887474,10.1333867664011,8.03050863178554,2.55299423806385,27.332636615232,25.3395206625655,433.8494875481
"5A0",FALSE,202.195208197975,289.492616838392,3.37139762310394,332.265481530096,1.03665029682145,6.1047941879257,10.1425767517356,4701.20043901192,20.663941362886,4212.51290651486,5211.61945330791,0.916236644323241,27.3992226023235,2650.10975518973,8.83198797269139,75.2385663535329,2.04589849535846,2.8829113316815,2.14885527613344,2.79351951837818,544.020763105763,272.634777303118,8.70280334402008,4.21626045111441,14.5120407315854,8.3876463287462,2.60071218027309,7.64775219523268,2.90068233248469,1142.56004023175,2.80888014730578,3.45208243915784,2.70589574219386,8.44801700200527,70.0966183229118,27.4099524975813,2.8596902013487,1.04257366268525,5.30905206736088,78.662853531601,468.41786706418,6.4606602340729,1.0174263480914,9.26782189671954,1.20198168242312,118.084122123818,12.7607683836092,1228.85768539716,1.14381291177631,7.98926271424283,24.1706182924594,26.4403797165597,0.904759881810046,0.741756914801224,281.621878212381,3.42417074060289,255.173497438978,0.00507600257389774,2.6851177739414,981.208064279721,22.348354891204,11623.6450126137,1.64994063331794,1858.35670431352,10.1333867664011,8.03050863178554,2.55299423806385,27.332636615232,25.3395206625655,543.339910518562
"5A1",TRUE,26.4767473860684,643.379848343382,3.52280817654338,365.440807573711,1.03665029682145,7.0903050237292,10.1425767517356,6843.17648269927,23.3861469177394,5708.67065516764,5211.61945330791,0.916236644323241,11.949297029936,2022.55283600439,8.83198797269139,75.2385663535329,5.75227021699367,53.9780993376914,2.19751511896691,2.79351951837818,579.738191042487,272.634777303118,8.70280334402008,4.21626045111441,16.7948592704021,8.3876463287462,2.60071218027309,7.64775219523268,4.40226318927741,104.541650497251,2.80888014730578,3.45208243915784,2.70589574219386,8.44801700200527,70.0966183229118,27.4099524975813,2.8596902013487,1.04257366268525,114.535791690187,98.8020008657102,879.218527045507,6.4606602340729,1.0174263480914,9.26782189671954,9.60836026862595,79.8665503304245,26.5240226150021,2236.73588676622,1.14381291177631,33.0713055043076,24.1706182924594,26.4403797165597,0.904759881810046,4.96680685034084,1041.13276582142,5.91416420532611,255.173497438978,0.0153017484176961,2.6851177739414,1862.52379199643,22.348354891204,11991.9014722675,3.02041185231751,2199.00882829435,10.1333867664011,8.03050863178554,9.22067070136899,27.332636615232,25.3395206625655,1002.69923973451
"5B0",FALSE,77.016587947443,549.349609155654,3.37139762310394,411.891261490679,1.03665029682145,5.23900071380538,10.1425767517356,5586.55887454433,20.2560135817824,4389.42435433074,5211.61945330791,0.916236644323241,21.1540402316151,2349.43045081289,8.83198797269139,75.2385663535329,3.20920573350874,2.8829113316815,1.31310192436127,2.79351951837818,584.370366856412,272.634777303118,8.70280334402008,4.21626045111441,10.7538890612546,8.3876463287462,2.60071218027309,7.64775219523268,2.90068233248469,573.157164372527,2.80888014730578,3.45208243915784,2.70589574219386,8.44801700200527,70.0966183229118,27.4099524975813,2.8596902013487,1.04257366268525,4.83973593937267,91.6169802117405,436.339865541943,6.4606602340729,1.0174263480914,9.26782189671954,1.14270222691704,79.8665503304245,8.09884296564764,975.495426850168,1.14381291177631,7.98926271424283,25.1295310555444,26.4403797165597,0.904759881810046,0.741756914801224,384.694577867418,3.42417074060289,255.173497438978,0.0170085516887909,2.6851177739414,1419.28918894637,22.348354891204,11991.9014722675,1.565328608591,2199.00882829435,10.1333867664011,8.03050863178554,2.55299423806385,27.332636615232,25.3395206625655,985.12414773459
"5B1",TRUE,12.5957853308278,680.541504425166,3.37139762310394,349.161491519522,1.03665029682145,6.72721703887026,10.1425767517356,5640.00735127439,26.1046700396746,5619.62533792526,5211.61945330791,0.916236644323241,10.6432621739845,1452.88570029839,8.83198797269139,75.2385663535329,6.320473247814,52.1414449095478,2.31061665011929,2.79351951837818,338.068701681729,380.360339073709,11.5536296552242,4.21626045111441,22.5405962204089,8.3876463287462,2.60071218027309,7.64775219523268,4.97467488498803,25.2952596393778,2.80888014730578,3.45208243915784,2.70589574219386,8.44801700200527,70.0966183229118,27.4099524975813,2.8596902013487,1.04257366268525,172.426954531976,103.095045188385,879.218527045507,6.4606602340729,1.0174263480914,14.0734310189256,7.83454327156039,79.8665503304245,25.7791570092348,2236.73588676622,1.14381291177631,25.6729935311813,25.7475127657297,33.6958736395825,0.904759881810046,3.67692799760111,1041.13276582142,4.16249795934597,255.173497438978,0.0139635455277875,2.6851177739414,2118.41459538899,33.0437333930048,11019.9262212903,2.23146468868535,2199.00882829435,10.1333867664011,8.03050863178554,6.56548009158183,27.332636615232,25.3395206625655,1283.43707842829
